aluno;1>;2>;3>;5>;6>;7>;8>;14>;16>;17>;29>;30>;31>;32>;41>;42>;43>;44>;45>;46>;48>;49>;1>2>;1>46>;1>46>2>;2>1>;2>1>46>;2>1>46>2>;2>2>;2>3>;2>14>;2>14>41>;2>41>;2>46>;2>46>1>;2>46>1>2>;3>2>;3>14>;5>5>;6>6>;6>6>6>;7>5>;7>5>5>;7>6>;7>14>;8>7>;14>2>;14>2>14>;14>3>;14>3>2>;14>7>;14>7>5>;14>8>;14>14>;14>14>14>;14>14>41>;14>31>;14>31>14>;14>31>30>;14>31>30>30>;14>31>31>;14>32>;14>32>31>;14>41>;14>41>31>;14>41>41>;14>41>41>41>;14>41>41>41>41>;14>41>43>;14>43>;14>43>44>;14>43>44>44>;14>48>;14>49>;16>31>;16>31>14>;17>30>;30>14>;30>14>41>;30>30>;30>30>30>;30>30>30>30>;30>31>;30>31>30>;30>32>;30>41>;30>48>;31>14>;31>14>31>;31>14>41>;31>30>;31>30>14>;31>30>30>;31>30>30>30>;31>30>30>30>30>;31>30>31>;31>30>31>30>;31>31>;31>31>30>;31>32>;31>41>;31>41>41>;31>48>;32>14>;32>31>;32>31>30>;41>2>;41>14>;41>31>;41>31>14>;41>31>30>;41>41>;41>41>2>;41>41>31>;41>41>31>30>;41>41>41>;41>41>41>41>;41>41>41>41>41>;41>41>41>41>41>41>;41>41>41>41>41>41>41>;41>41>43>;41>41>43>44>;41>43>;41>43>44>;41>43>44>44>;41>43>44>44>44>;43>14>;43>41>;43>44>;43>44>14>;43>44>44>;43>44>44>44>;43>44>44>44>44>;43>44>44>44>44>44>;44>14>;44>14>41>;44>14>41>41>;44>14>43>;44>44>;44>44>14>;44>44>14>41>;44>44>44>;44>44>44>14>;44>44>44>44>;44>44>44>44>14>;44>44>44>44>44>;44>44>44>44>44>44>;45>43>;46>1>;46>1>2>;46>2>;48>14>;48>29>;48>30>;48>48>;49>48>;49>49>;
41520-6401;1;3;;;;1;;15;;;;1;1;;16;;6;13;;1;1;;;1;1;1;1;1;1;;;;;;;;;;;;;;;;1;;1;;;;;;;;;;;;;;;;;4;;2;;;1;1;1;1;1;;;;;;;;;;;;;;;;;;1;;;;;;;;;;;;;;;;1;;;;;10;1;;;6;4;;;;1;1;3;3;1;1;;1;6;1;5;3;1;;2;2;1;;7;;;3;;1;;;;;;;1;;;;;;;
32035-4114;1;3;;;26;4;5;27;;;5;2;4;;17;1;2;1;;1;6;5;;1;;1;1;;;;1;1;1;;;;;;;9;5;;;2;;1;1;;;;1;;3;3;;;2;1;;;;;;7;;3;2;2;;;;;;2;;;;1;1;;;;1;;;;;2;1;;2;1;;;;1;;;;;;;2;;;;1;2;2;1;1;10;1;2;1;4;2;1;1;1;2;1;2;1;1;;1;;1;;1;;;;1;;;;1;1;;;;;;;;;;;;4;3;;3;4;;
36347-5799;1;3;;2;;3;1;22;;;;2;5;2;30;1;6;5;3;1;2;;1;;;;;;;;;;;1;1;1;;;2;;;2;2;;;;2;;;;;;;;;;2;;1;;;;;9;;3;1;;1;2;2;2;;;;;;;;;;;;;1;1;;;;;1;;;;;;;;;1;1;;2;1;;;;1;;;;7;;;;2;;;;;;;2;2;2;1;;;5;;5;3;2;1;3;1;1;1;5;3;1;3;2;2;2;1;;3;1;1;;;;1;;;;
14932-4114;;;;;;1;2;6;1;1;;3;6;3;2;;;;;;1;1;;;;;;;;;;;;;;;;;;;;;;;1;1;;;;;;;1;;;;2;;;;;1;1;1;;;;;;;;;;1;1;;1;;;;;;;;1;;;;;;1;;;;;;;;;;1;;;1;2;;;;;;;;;;;;;;;;;;;;;;;;;;;;;;;;;;;;;;;;;;;;;;;;;;;1;;
41365-6401;;9;2;1;;3;;24;;;;6;8;;20;1;7;17;4;;2;;;;;;;;;;3;;;;;;;1;1;;;1;1;;;;3;;1;;;;;4;;2;5;;3;2;;;;9;;5;3;2;1;3;3;1;;;;;;;;2;2;;;;;1;1;1;;;5;;2;2;;;;;;;1;1;1;;;;1;2;1;1;;10;;1;;5;2;1;;;;;3;3;;;1;1;7;2;3;3;3;2;4;2;1;2;5;4;2;4;3;4;2;2;2;3;;;;;;1;;;;
44169-6895;1;7;4;1;7;6;1;34;;;;2;9;1;24;;2;;3;1;4;3;;1;1;;;;1;;1;;;;;;1;1;1;1;1;1;1;;;;3;;1;1;1;;;1;1;;2;;;;;;;7;;2;1;1;;;;;;1;;;;;;;;;;;;;;1;;;1;;;;;;;;;;1;;1;;;;;;;;;7;;;;1;1;;;;;;;;;;1;;;;;;;;;;;;;;;;;;;;;1;;;1;2;;1;2;2;2;
35700-5489;3;15;;2;;7;;52;3;2;;22;36;3;50;;10;14;1;4;2;;2;2;2;2;2;2;1;;3;1;2;1;1;1;;;2;;;2;2;;1;;6;3;;;4;1;;2;;1;25;4;12;2;;1;;11;1;2;1;;;1;1;1;;;3;2;1;8;5;6;2;1;2;1;1;3;2;7;;1;18;7;4;1;1;1;1;1;1;1;3;;1;1;1;;2;;2;;2;15;1;;;7;4;3;1;1;;;1;1;1;;;;9;;7;2;2;1;2;;;;10;2;;3;;3;;2;2;1;2;2;2;;;2;;;;
12626-7114;1;4;;;;2;3;11;1;;;;2;3;13;;1;;;1;9;;1;;;;;;;;1;;;;;;;;;;;;;;;2;1;;;;;;;;;;;;;;;;;2;;;;;;;;;;;1;;;;;;;;;;;;;;;;;;;;;;;;;;;;1;;;;;;;;;;;;;;;;;;;;;;;;;;;;;;;;;;;;;;;;;;;;;;1;1;;;;;2;;;
30969-5799;;;;;;;;9;;;;;;;6;;2;6;;;9;;;;;;;;;;;;;;;;;;;;;;;;;;;;;;;;;1;;;;;;;;;;3;;;;;;1;1;;1;;;;;;;;;;;;;;;;;;;;;;;;;;;;;;;;;;;;;;;;;;;;;;;;;;;;;;;;2;;;;;;;;;;1;;;;;;;;;;;;;5;;;;;;
31743-5061;3;15;;6;38;5;;17;1;;;4;6;;21;;3;3;;3;3;1;1;3;3;1;1;1;;;;;2;1;1;1;;;3;20;10;3;;;;;3;;;;;;;;;;1;;1;;;;;3;;2;;;;;;;;;1;;;;;1;1;;;;;1;;1;;;3;;;;;;;2;;;1;;;;;;1;1;3;;2;9;;2;1;;;;;;;;1;1;1;;;;3;;1;;;;;;;;1;;;;;;;;;;1;1;3;;;;2;;;
36672-5489;;1;;;;;;5;;;1;1;1;;2;;;;;;1;2;;;;;;;;;;;;;;;;;;;;;;;;;;;;;;;;1;;;1;;;;;;;2;;1;;;;;;;;1;;;;;;1;;;;;;;;;;;;;;;;;;;;;;;1;;;;1;;;;;1;;;;;;;;;;;;;;;;;;;;;;;;;;;;;;;;;;;;;;;;;1;;1;;1;
28198-5490;1;4;2;1;;2;;22;;;;3;5;;14;;6;10;;1;;;;1;1;1;1;1;;;;;1;;;;;1;1;;;;;;;;2;;2;;1;;;;;;1;;;;;;;8;;3;1;1;;3;3;;;;;;;;;3;1;1;;;;;;;;;3;;3;1;1;;;;;;;;;;;;;1;1;;1;8;;;;3;1;;;;1;;1;;;;;1;5;;1;;;;3;2;1;1;4;2;1;2;2;2;2;1;;;;;1;;;;;;;
36350-5799;;2;;;2;3;;16;;;1;2;6;;22;;1;1;;;4;;;;;;;;;;1;1;;;;;;;;;;;;1;;;1;1;;;1;;;1;1;1;4;2;2;;;;;6;;3;1;1;1;1;1;1;;;;;;;;;;;1;;;;;4;3;3;2;;;;;1;;;;;;;1;;;;1;;2;1;;5;1;1;;2;1;1;1;1;;;1;1;;;;;1;1;1;;;;1;;;1;1;;;;;;;;;;;;;;1;;;;;
23182-6895;;;;1;;2;;10;;;;;3;;6;;;;;;;;;;;;;;;;;;;;;;;;1;;;1;1;;1;;;;;;1;1;;;;;2;;;;1;;;4;;;;;;;;;;;;;;;;;;;;;;;;;;;;;;;;;;2;;;;;;;;;;;;;;;;;;;;;;;;;;;;;;;;;;;;;;;;;;;;;;;;;;;;;;;;;;;;
35751-5799;;;;1;;1;;18;;1;;7;7;;21;;3;2;;;2;;;;;;;;;;;;;;;;;;;;;1;;;;;;;;;;;;1;;;6;;6;1;;;;5;;2;;;;1;1;1;;;;;;3;1;1;;;2;2;;;;;;;7;3;1;;;2;2;;;;1;;;;;;;;;;;3;;;;;;;;;;;1;1;1;;;;2;;2;;;;2;2;;;2;2;2;;;;;;;;;;;1;;;;;;
40168-6402;3;8;;1;;2;2;31;2;;;6;11;;43;2;6;4;1;3;1;;1;2;2;;;;1;;2;1;1;;;;;;1;;;1;1;;1;1;1;;;;;;2;1;;;4;;2;1;1;;;9;;3;1;1;;1;1;1;;;;;;1;;4;2;2;;;;2;;1;;;5;;3;2;2;;;1;1;;1;;;;;;1;1;4;1;1;15;;2;1;3;3;1;;;;;1;1;1;1;;;4;1;4;2;2;;3;1;1;1;4;2;1;2;1;2;1;;;1;1;1;2;;;1;;;;
42261-6402;;1;;3;21;6;;47;2;2;;16;26;;33;;7;9;;;1;2;;;;;;;;;;;;;;;;;3;10;5;3;3;2;;;;;;;2;1;;;;;15;;9;5;2;;;9;;3;1;1;;1;1;1;;1;2;1;2;4;3;8;4;1;2;1;;;;2;;;15;2;8;4;1;;;3;2;;2;;1;;;;;1;3;;;9;;1;;3;1;1;;;1;1;2;1;;;1;2;4;1;2;1;1;1;2;;;1;3;;;1;;1;;1;1;;;;;;;;;;2;
31755-7114;;1;;3;;2;;13;;;1;2;4;;18;;4;6;;;1;1;;;;;;;1;;1;;;;;;;;3;;;2;2;;;;;;;;1;;;1;;;2;;1;;;;;4;;;;;;1;1;1;;;;;;;;1;;;;;;;1;;;;2;;1;;;;;1;;;1;;;;;;;;;;;1;;;;;;;;;;;;;;;;;4;1;3;3;1;1;4;4;;;3;2;2;3;2;1;;1;;;;;;;1;;;;;
31836-6401;1;19;6;5;;5;2;52;;;1;31;29;4;30;;2;6;1;1;5;;;1;1;;;;1;2;4;;1;;;;2;3;5;;;5;5;;;1;11;4;3;1;3;3;;7;2;1;17;1;14;4;1;1;1;14;;5;2;1;;1;1;1;1;;;;;8;1;7;1;1;11;11;2;;3;2;;;26;6;5;1;1;9;9;3;3;1;1;1;;1;3;2;3;3;1;;1;7;2;;;2;1;;;;;;;;;;;;1;1;1;;;;1;;;1;1;;;;;;;;;1;;;1;1;1;;;;;
36259-6590;1;6;2;;;;;11;1;;;1;3;1;4;;;;;1;;;1;;;;;;1;1;1;1;;1;1;1;2;;;;;;;;;;1;;;;;;;1;;;1;;;;;;;4;;1;1;1;;;;;;;1;;;;;1;;;;;;;;1;;1;1;;1;;;;;;;1;;;;;1;;;;;;;1;;;;1;1;;;;;;;;;;;;;;;;;;;;;;;;;;;;;;;;1;1;;;;;;;;
41520-6895;1;3;1;;;;;10;;;;;;;3;;;;;1;;;1;;;;;;;1;3;2;;1;1;1;1;;;;;;;;;;3;2;;;;;;1;;;;;;;;;;3;;;;;;;;;;;;;;;;;;;;;;;;;;;;;;;;;;;;;;;;;;;;;;;;;;;;;;;;;;;;;;;;;;;;;;;;;;;;;;;;;;;;;1;1;;;;;;;;
36066-6030;;;;;5;2;;9;1;;;;2;1;8;;1;;;;;;;;;;;;;;;;;;;;;;;;;;;1;;;;;;;1;;;;;;;;;;;;;5;;2;2;1;1;;;;;;1;;;;;;;;;;;;;;;;;;;;;;;;;;;;;;1;;;;;;;4;;;;3;1;;;;;;1;;;;;;;;;;;;;;;;;;;;;;;;;;;;;;;;;;;
36400-5490;1;3;;;;;;10;;;;;;;14;;2;1;;1;;;;1;1;1;1;1;;;2;1;;;;;;;;;;;;;;;;;;;;;;;;;;;;;;;;5;;2;1;;;;;;;;;;;;;;;;;;;;;;;;;;;;;;;;;;;;;;;;1;;;;;3;;;;1;;;;;;;2;1;1;;1;;1;;1;;;;1;1;1;;1;1;1;;;;;;;;;;1;;;;;;;
14770-5489;1;3;1;;;;;9;;;;2;4;;11;;1;2;;1;;;1;;;;;;1;1;2;1;;;;;1;;;;;;;;;;1;;;;;;;;;;;;;;;;;3;1;;;;;;;;;;;;;;;;;;;;;;;1;;1;1;;;;;;;1;1;;;;;;;;;;1;1;;1;;;;1;;;;;;;;;;;;;1;;1;1;1;;1;;;;2;1;;2;1;1;;;;;1;1;;;;;;;;
31488-4917;;1;;;;;;10;;;;2;2;;9;;3;7;1;;;;;;;;;;;;1;1;;;;;;;;;;;;;;;;;;;;;;;;;1;;1;;;;;5;;3;1;1;;1;;;;;;;;1;1;;;;;;;;;;;;2;1;;;;;;;;;;;;;;;;1;;;;5;;;;2;1;;;;;;;;;;1;;2;;2;2;2;;;;;;3;;;2;;2;;;;;;;;;;;;;;
36099-5061;1;7;;1;;2;;33;1;;;5;8;1;20;;4;6;1;1;2;;1;;;;;;2;;1;;2;1;1;1;;;1;;;1;1;;;;2;;;;1;1;;;;;3;;1;1;;;;3;;1;;;;1;1;1;;;1;;;;;3;1;;;;;1;;;;;5;;3;1;;;;;;;;;1;1;;;1;;1;;1;7;1;1;1;1;1;;;;1;1;2;1;;;;;3;;1;1;1;;1;;;1;2;1;;2;1;1;1;;;1;1;1;;;;;1;;;
31256-5061;;7;;;;;;19;;;;;1;;11;1;3;2;;;;;;;;;;;;;3;1;;;;;;;;;;;;;;;4;2;;;;;;;;;1;;;;;;;8;;3;;;;3;1;;;;;;;;;;;;;;;;;;;;;;;;;;;;;;;;;;;;1;;;;;5;1;;;2;;;;;;;;;;;1;;1;;;;;;;;;;;;;;;;;;;;;;;;;;;;;
32892-5490;1;1;;;;1;;15;8;3;;25;26;;24;;6;8;;1;2;;;1;1;1;1;1;1;;;;;;;;;;;;;;;;;;1;;;;;;;;;;2;;1;;;;;4;1;;;;;;;;;;7;;3;;;12;1;;2;1;;2;;1;;1;13;;6;1;;2;1;1;;;1;1;2;;;;;;3;;1;1;;1;;;;;;;;;;;;;1;;3;;;;;;;;;;2;;;;;;;;;;;;1;;;2;;;;
39095-5384;1;9;;;;;;34;;;;4;7;;16;;6;7;;1;1;;;1;;1;1;;;;5;1;;;;;;;;;;;;;;;6;4;;;;;;1;;;4;;3;;;;;11;1;1;;;;1;1;;;;;;;3;1;1;1;;3;2;;;;3;;;4;2;1;1;;3;2;;;;;;;;;;;;2;;2;5;;1;1;2;1;1;;;2;1;4;3;1;;1;;5;1;2;;;;3;2;;;2;1;1;;;;;;;;;;;;;;;;;
23668-5490;1;2;;;;;;12;;1;;6;4;1;11;;4;7;;1;;;;1;1;1;1;1;;;1;;;;;;;;;;;;;;;;1;1;;;;;;1;;1;;;;;;;;7;;1;1;1;2;;;;;;;;1;1;1;2;1;;1;;;;;1;;1;2;;1;1;;;;;;1;;;;;1;;;;;;;1;;;;1;1;1;1;;1;1;2;2;1;1;;1;3;;1;1;;;1;1;1;;3;1;1;3;1;2;;;;;;;1;;;;;;;
35698-6030;;1;;;2;4;;12;1;;;4;4;;1;;;;;;;;;;;;;;;;;;;;;;;;;;;;;1;;;1;;;;;;;;;;2;;2;2;;;;;;;;;;;;;;;1;;;1;;3;1;1;2;;;;;;;;2;1;2;1;1;;;;;;;;;;;;;;;;;;;;;;;;;;;;;;;;;;;;;;;;;;;;;;;;;;;;;;;;;;;;;;;
40390-6401;;1;;;;;;9;;;;2;2;;4;;;;;;1;;;;;;;;;;1;;;;;;;;;;;;;;;;1;1;;;;;;;;;1;;;;;;;2;;2;;;;;;;;;;;;;;2;1;1;;;;;1;;;;2;;2;1;1;;;1;1;;1;;;;;;;;2;;1;3;;1;;1;;;;;;;;;;;;;;;;;;;;;;;;;;;;;;;;;;;;;;;;;;
31437-6590;1;2;;;;;;4;;;;4;3;;3;;1;1;;1;;;;1;1;1;1;1;;;;;;;;;;;;;;;;;;;2;;;;;;;1;;;1;;;;1;;;;;;;;;;;;;;;;;;;3;1;1;;;;;;;;;3;;2;1;1;;;1;1;;;;;;;;;;;;;2;;;;;;;;;;;;;;;;;1;;1;;;;;;;;1;;;;;;;;;;;;1;;;;;;;
44845-7114;;2;;1;;1;;15;1;;;2;9;;9;;;;;;1;;;;;;;;;;;;;;;;;;1;;;1;1;;;;;;;;;;;;;;5;3;;;1;;;4;1;2;1;;;;;;;;1;1;;;;;;;1;;;;;6;;2;2;;;;;1;;1;;;;;1;;;;;;1;1;;2;;;;1;;;;;;;;;;;;;;;;;;;;;;;;;;;;;;;;;;;;;;;;;;
44090-6402;1;4;1;1;30;5;1;66;2;3;;27;41;9;40;3;9;8;2;1;2;;1;;;;;;;1;3;1;;1;1;1;1;;1;16;8;1;1;;;1;2;;;;4;1;;6;1;3;27;1;19;5;;2;2;19;;10;5;3;;1;;;;;2;1;3;5;1;11;2;2;3;2;6;1;;7;2;2;24;2;8;2;2;2;2;2;;1;;;1;;8;4;;1;1;1;;23;;;;12;6;1;1;1;4;4;4;4;4;;1;1;7;;7;1;1;;3;2;;;8;3;2;1;1;1;1;;;2;1;1;;;;1;;;;
44109-6402;;;;;2;4;4;18;1;;;3;8;1;18;;2;2;;;;;;;;;;;;;;;;;;;;;;1;;;;;1;4;;;;;;;3;1;;1;3;1;1;;;;;12;;1;;;;;;;;;1;1;;;;1;;;1;;1;;;4;;2;3;;1;;;1;;1;1;1;;;;;1;1;;;3;1;;5;;1;;;;;;;;;1;1;;;;;2;2;;;;;2;1;;;;;;;;;;;;;;;;;;;;;;
40918-6402;1;11;2;;;2;;57;2;1;;14;15;1;59;;16;38;;1;5;2;;1;;;;;1;;1;;;;;;2;;;;;;;;1;;3;;;;;;;2;1;1;5;;4;2;1;;;21;1;2;1;;;7;5;;;1;1;;1;6;1;5;3;1;1;1;;;4;1;;1;12;4;4;3;1;;;2;2;;;;;;1;1;1;4;2;;1;8;;1;;3;;;;;;;1;1;;;;1;12;;;;;;5;2;;2;4;1;;2;1;;;;;;;;;1;;2;;;1;
44033-6402;2;5;;1;30;6;2;29;1;;4;7;9;;29;1;3;2;;2;5;1;1;2;1;;;;;;;;;1;1;1;;;1;3;;1;1;1;;1;;;;;6;;;2;;;6;;2;;;;;11;2;5;2;1;;;;;;;1;1;;4;;;;;;;;;;2;;1;4;2;;;;;;;;;;;5;;;;;1;2;1;1;10;;;;3;1;1;;;1;;1;;;;1;;1;;1;1;;;2;1;1;;1;1;;1;1;;;;;;1;1;1;1;4;;;1;;
16014-6590;;;;;;;;2;;;;;;;2;;1;3;;;;;;;;;;;;;;;;;;;;;;;;;;;;;;;;;;;;;;;;;;;;;;;;;;;;;;;;;;;;;;;;;;;;;;;;;;;;;;;;;;;;;;;;;;;;;;;;;;;;;;;;;;;;;;;1;;1;1;1;;1;;;;2;;;1;;1;;;;;;;;;;;;;;
31601-6401;3;17;;;26;4;2;66;1;;;43;37;;41;;9;8;;3;5;;2;1;1;;;;1;;3;;;;;;;;;10;3;;;1;;1;9;2;;;2;;1;4;1;;15;1;9;3;5;;;15;1;2;;;1;2;2;2;1;;;;;5;;13;5;1;9;5;;2;;5;1;2;28;2;12;5;1;5;3;7;4;;1;;;;;;;;5;1;4;5;;2;2;;;;;;;;1;1;1;1;3;;7;1;6;3;2;1;3;1;1;1;6;2;1;3;1;2;;1;;;2;2;1;;;;4;;;
22135-4114;1;5;1;1;2;2;2;13;1;;;1;4;1;14;;1;1;;1;4;2;;1;;;;;;;1;;;;;;1;;;1;1;1;;1;;1;1;;1;1;;;1;2;;;1;1;;;;;;3;;1;;;;1;1;;1;;1;;;;;;;;;;;;1;2;;;;;;;;;;2;;1;1;1;;;1;;1;;1;;;5;1;;;1;;;;;;;;;;;;;1;1;1;1;1;;1;1;1;1;1;1;;1;1;1;1;;;;;;;;;1;1;1;2;
44153-6895;1;2;;;;2;;14;;;1;;1;;22;;2;2;;1;3;;1;;;;;;;;;;;1;1;;;;;;;;;;;;1;;;;1;;;1;;;;;;;;;;7;;4;2;1;;;;;;;;;;;;;;;;;;;;;;;;;;;;;;;;;;;1;;;;;;1;;;11;;1;;5;3;2;2;1;1;1;1;1;1;1;;;2;;2;2;2;2;;;;;2;;;2;;2;;2;1;;1;1;;;1;;;;;
28177-4114;1;2;1;1;16;3;;14;;;1;4;6;1;14;;1;;;1;2;2;;1;1;1;1;1;1;;1;1;;;;;;;;4;2;1;;1;;;;;;;1;;;2;;2;1;;1;;;1;;5;;1;;;1;;;;;;;;;2;1;;;;;;;;;;;;2;1;;;;;;1;;;1;;1;;1;1;;;2;;;2;;;;;;;;;;;1;;;;1;;;;;;;;;;;;;;;;;;;;;;;;1;;;;1;1;1;
36615-6895;;4;;;;;;19;;;;2;7;;14;;4;3;;;;;;;;;;;;;1;;2;;;;;;;;;;;;;;2;;;;;;;2;;1;4;1;;;;;;7;1;4;1;1;;;;;;;;;;;;;;;1;;;;;2;;;2;;;;;1;;1;;;1;;;;;;1;;1;;1;6;1;;;2;2;1;1;;1;1;3;3;3;2;;1;3;;3;2;1;1;3;2;1;;3;3;2;2;2;1;1;1;;;;;;;;;;;;
41124-6401;;2;2;;;;;6;;;;1;1;;3;;2;2;1;;;;;;;;;;;;;;;;;;1;1;;;;;;;;;;;2;1;;;;1;;;1;;1;1;;;;2;;1;;;;;;;;;;;;;;1;;;;;;1;;;;;1;;1;;;;;;;;;;;;;;1;;;;;2;1;;;;;;;;1;1;1;1;1;1;;;2;;2;2;1;;2;1;;;2;2;1;2;2;1;1;;;1;;;;;;;;;;
35754-6030;;5;;;;;;17;1;;;;3;;13;;4;11;;;1;;;;;;;;2;;;;;;;;;;;;;;;;;;;;;;;;;1;;;;;;;;;;;;;;;;2;2;;;;1;;;;;;;;;;;;;;;;;;;;;;;;;;;;1;;;;;;;;;;;;;;;;;;;;;;;;;;4;;;;;;1;;;1;1;;;;;;;;;;;;;;;;;;;
41260-6400;1;6;;1;;2;;21;;;;2;4;;9;;;;;1;;;;1;1;;;;;;2;;1;;;;;;;;;1;;;;;3;1;;;2;1;;;;;2;;1;1;;;;5;;2;1;1;;;;;;;;;;;;2;1;;;;;;;;;;1;;1;;;;;;;;;;;;;;1;;;;;2;1;;;1;1;1;1;1;;;;;;;;;;;;;;;;;;;;;;;;;;;;;;;1;;;;;;;
44027-6402;1;3;;;4;5;;20;;;;12;13;1;36;;11;29;1;1;3;;1;;;;;;;;;;1;1;1;1;;;;;;;;;;;1;;;;;;;;;;4;;3;3;;;;2;;;;;;3;2;1;;;;;;1;;9;5;4;2;1;1;4;3;1;1;;9;;7;4;3;2;1;;;;1;;;;;;;;2;;2;8;;1;1;1;;;;;1;1;3;3;;;;2;9;1;3;;;;3;;;2;7;2;;2;2;2;2;1;;;1;1;;;;1;;;;
36173-5489;;;;;;;;6;1;;;2;3;1;3;;1;2;;;1;;;;;;;;;;;;;;;;;;;;;;;;;;;;;;;;;;;;;;;;;;;;;;;;;;;;;;1;;;1;;;;;;;1;;;;;;;;;;;;;;;;;;1;;1;;;;1;;;;;;;;;;;;;;1;1;;;;;1;;;;;;;;;;;;;;;;;;;;;;;;;1;;;;
22659-5490;1;1;2;;;;;48;1;;;24;27;26;23;6;4;3;3;1;1;1;;1;1;1;1;1;;1;;;;;;;1;1;;;;;;;;;;;2;1;;;;9;2;3;6;;3;;3;14;10;11;1;5;3;2;1;;;;;;1;;;7;;3;2;1;18;13;11;;1;4;;1;23;7;2;2;1;16;12;6;4;7;3;3;;11;19;16;;4;5;;2;11;;3;1;6;4;4;3;2;1;;2;;;;1;;2;1;1;1;1;1;1;;;;3;;;2;;2;;2;2;3;;;1;1;;;;;;
28136-4114;1;2;;;;1;;7;;;;;;;5;;;;;1;1;;;1;;1;1;;;;;;;;;;;;;;;;;;;;1;;;;1;;;;;;;;;;;;;3;;2;;;;;;;;;;;;;;;;;;;;;;;;;;;;;;;;;;;;;;;;;;;;;;4;;;;1;1;1;1;1;;;;;;;;;;;;;;;;;;;;;;;;;;;;;;;;;;;;;;
36137-5384;1;5;1;;;;;20;;;1;;;;14;;1;1;;1;5;;1;;;;;;1;;3;2;;1;1;1;1;;;;;;;;;;2;;1;1;;;;5;;3;;;;;;;;9;;4;2;;;;;;4;;;;;;;;;;;;;;;;;;;;;;;;;;;;;;;;;;1;;;;;6;;;;2;;;;;1;1;1;1;1;1;;;1;;1;1;1;;;;;;1;;;1;;1;;;;;1;1;;;1;;;;;
37663-5490;;;;;;;;3;;;;;1;;;;;;;;;;;;;;;;;;;;;;;;;;;;;;;;;;;;;;;;;;;;1;;;;;;;;;;;;;;;;;;;;;;;;;;;;;;;;;;;;;;;;;;;;;;;;;;;;;;;;;;;;;;;;;;;;;;;;;;;;;;;;;;;;;;;;;;;;;;;;;;;;;
31476-6895;1;2;;1;;1;;11;;;;;3;;12;;2;;;1;;1;1;;;;;;1;;1;;;1;1;1;;;1;;;1;1;;;;1;;;;1;1;;;;;2;1;;;;;;5;;;;;;1;;;;1;;;;;;;;;;;;;;1;1;;;;;;;;;;;;1;;;;;;;1;;;;3;;;;;;;;;;;;;;;;1;;;;;;;;;;;;;;;;;;;;;1;1;;;;;;;;
27482-6590;;1;;;;;;9;1;;;4;5;;3;;;;;;;1;;;;;;;1;;;;1;;;;;;;;;;;;;;1;;;;;;;;;;4;;3;;1;;;1;;1;;;;;;;;;1;;;;;;;;;;;1;;;;;4;;;;;;;1;1;;;;;;;;;;;;;3;;;;1;;;;;;;;;;;;;;;;;;;;;;;;;;;;;;;;;;;;;;;;;1;
40983-6030;1;14;2;5;6;4;1;42;2;;7;16;14;1;28;2;7;14;2;1;8;1;;1;1;;;;2;;3;2;2;;;;1;;2;2;;4;2;;;1;5;1;1;1;1;1;1;2;1;;8;;4;1;;1;1;8;;1;1;1;;;;;;;2;1;;2;;5;;;3;3;;3;1;1;1;;8;1;1;;;3;3;;;;2;;3;;1;1;2;1;1;;1;14;1;1;1;4;4;3;3;3;3;3;3;3;1;1;1;1;5;;1;1;1;1;1;1;1;;3;1;1;3;1;1;1;1;1;2;;;1;;7;;1;;;
43978-6401;;3;;;;5;;11;;;1;7;7;;11;;;;;;4;;;;;;;;;;;;1;;;;;;;;;;;;;;2;;;;2;;;;;;1;;;;;;;2;1;1;;;;;;;;;;;;1;;2;1;1;;;;;;;;;3;;1;;;;;;;;;;2;;;;;;4;;2;3;;2;1;;;;;;;;;;;;;;;;;;;;;;;;;;;;;;;;;;;;;;1;1;;;;
36352-5489;;1;;;;;;11;;;;1;2;;18;;2;4;;;1;;;;;;;;1;;;;1;;;;;;;;;;;;;;;;;;;;;1;;1;;;;;;;;5;;2;;;;1;1;;;;;;;;;1;;;;;;;;;;;;;;;;;;1;;;1;;1;;;;1;;1;;;7;1;1;;3;1;;;;;;;;;;;;2;;1;;;;;;;;2;;;;;;;;;;;;;;;1;1;;;
36694-5489;;;;;;;;5;;;;1;2;;5;;1;1;;;;;;;;;;;;;;;;;;;;;;;;;;;;;;;;;;;;;;;;;;;;;;3;;3;1;;;;;;;;;;;;;;;;;;;1;;;;;1;;;;;;;1;;;1;1;;;;;;;2;;1;5;;1;;2;1;;;;;;;;;;;;1;;1;1;1;1;1;1;1;;1;1;1;1;1;1;1;1;1;;;;;;;;;;;
40392-6400;1;2;;;1;1;;21;1;;;1;3;;29;;3;10;1;1;;;;1;1;1;1;1;;;1;1;;;;;;;;;;;;;;;;;;;;;;1;1;;;;;;;;;10;;2;;;;;;;;;1;1;;;;;;;;;;;;2;;1;1;;;;;;;;;;;;;;;;;;1;;1;4;;1;1;1;;;;;;;;;;;1;;2;;1;;;;;;;;1;;;;;;;;;1;;;1;;;;;;;
40067-7114;1;3;;;;;;10;;;;;;;7;;4;9;;1;;;;1;1;;;;;;;;;;;;;;;;;;;;;;1;;;;;;;;;;;;;;;;;5;;1;;;1;1;1;1;;;;;;;;;;;;;;;;;;;;;;;;;;;;;;;;;;;;;;;;1;;;;;;;;;;;1;1;1;1;;;4;;4;3;2;1;1;1;;;9;1;1;4;1;3;1;2;2;;;;1;;;;;;;
44127-6402;;1;2;;;1;;18;;;;6;7;;25;;8;24;;;3;1;;;;;;;;;;;;;;;1;;;;;;;;1;;;;2;1;;;;2;;1;3;;3;;;;;7;;3;1;;;2;1;;1;;;;;3;2;3;2;;;;;2;1;2;1;1;5;;2;1;;;;;;;1;1;1;;;;;;1;1;;11;;;;3;1;;;;1;1;2;2;2;1;2;1;5;1;3;1;1;1;5;2;1;;9;3;2;5;2;5;2;4;2;;;;;;;;1;;;
44332-6401;1;20;7;;;5;;58;;;2;13;16;10;25;;7;8;3;1;6;5;1;;;;;;;2;3;1;1;1;1;1;1;5;;;;;;;1;;12;2;1;;2;;;5;;;5;;3;;;1;1;13;1;3;;;;2;2;;1;1;;;;2;;;;;9;4;;;;1;;;11;2;;;;8;3;;;9;;;2;7;7;4;2;2;3;;3;7;;1;1;1;1;1;;;;;1;;;;;;6;2;2;;;;2;1;;;3;;;;;;;;;3;1;1;;2;2;;;2;;
30492-5384;;2;;;11;4;1;11;;;;2;2;;4;;;;;;;;;;;;;;;;;;;;;;;;;3;1;;;1;;1;1;;;;1;;1;;;;;;;;;;;2;;1;;;;;;;;;;;;;;1;1;1;;;;;;;;;2;;1;1;1;;;;;;;;;;;;;;1;;1;1;;1;1;;;;;;;;;;;;;;;;;;;;;;;;;;;;;;;;;;;;;;;;;;;
31566-5061;;;;;;;;4;;;;;;;6;;2;6;;;;;;;;;;;;;;;;;;;;;;;;;;;;;;;;;;;;;;;;;;;;;;3;;2;2;2;;1;;;;;;;;;;;;;;;;;;;;;;;;;;;;;;;;;;;;;;;;;;3;;;;3;3;2;1;1;;;;;;;;;2;;2;2;2;2;2;1;1;1;4;2;1;2;2;2;2;2;2;;;;;;;;;;;
28164-5799;1;4;;3;10;5;;27;1;;;8;20;;17;;1;3;;1;3;;;1;1;1;1;1;;;;;1;;;;;;3;8;6;3;3;1;;;2;;;;;;;;;;15;;5;;5;;;2;1;1;;;;;;;1;;1;;;;;;;;1;;;2;;;;;8;;;;;1;;5;2;;4;1;;;;;;;2;;;4;;;;;;;;;;;;;;;;;1;;;;;;1;1;1;;;;;;;;;;;;;;1;;;;1;;;
31476-6401;1;9;;1;;3;;17;;1;;9;6;;17;;2;2;;1;;;;1;1;;;;1;;3;3;1;;;;;;1;;;1;1;;1;;5;2;;;;;;2;1;1;4;;3;3;1;;;9;1;1;1;;;;;;;;;;1;2;1;6;4;4;;;;2;;;;;4;1;4;2;2;;;1;1;;;;;;;;3;1;3;;1;2;1;1;;1;;;;;;;;;;;;;2;;2;2;2;1;;;;;2;;;2;;2;;1;1;;;;1;;;;;;;
31410-5384;1;6;;;;1;;19;1;;;4;7;;12;;3;4;;1;;;1;;;;;;;;3;;;;;;;;;;;;;;1;;3;1;;;1;;;;;;2;;2;1;;;;6;;;;;;1;1;1;;;1;;;3;2;1;;;;;;;;1;1;;4;2;1;;;;;;;;;;;;;;1;;;;;2;;;;;;;;;1;1;1;1;;;;;3;2;2;;;;2;1;;1;2;1;;;;;;;;;1;1;;;;;;;;
28391-5489;;;;;;;;2;;;;1;1;;4;;;;;;;;;;;;;;;;;;;;;;;;;;;;;;;;;;;;;;;;;;;;;;;;;1;;;;;;;;;;;;;;1;;;;;;;;;;;;;1;1;;;;;;;;;;;;;;;;;;;;1;;;;;;;;;;;;;;;;;;;;;;;;;;;;;;;;;;;;;;;;;;;;;;
31733-6030;;;;;3;7;1;13;1;;;7;6;1;10;;2;4;;;3;1;;;;;;;;;;;;;;;;;;;;;;1;1;1;;;;;3;;;1;;;3;;2;;;;;2;;1;;;;;;;1;1;1;;;3;;;;;;;;;;;;;3;2;;;;;;;;;;;;1;;;;;;;;2;;;;;;;;;;;;;;;;;1;;;;;;;;;;;;;;;;;;;;;;;2;;;;;;
22957-6590;1;3;;;;;;9;1;;;7;6;;9;;;;;1;1;;1;;;;;;;;1;1;;1;1;1;;;;;;;;;;;2;;;;;;;;;;2;;2;1;;;;2;;1;;;;;;;;;1;;;;;3;2;2;1;;;2;;;;;5;;2;1;1;;;2;1;;;;1;;;;2;;1;;;4;2;1;;1;;;;;;;;;;;;;;;;;;;;;;;;;;;;;;;;;1;1;;;;1;;;;
28101-7297;1;2;;2;1;2;;10;;;;;2;;11;;1;2;;1;;;1;;;;;;;;2;;;;;;;;1;;;1;1;1;;;1;;;;1;1;;;;;;;;;;;;4;;2;;;;;;;;;;;;;;;;;;;;;;;;;;;;;;;;;;;1;1;;;;;1;;1;;;4;;1;;1;;;;;;;;;;;;;1;;1;1;1;;1;;;;1;;;1;;1;;;;;1;1;;;;;;;;
39869-6400;1;3;2;;1;1;;35;2;;;19;20;;38;1;5;14;;1;10;;;1;;1;1;;2;;;;1;;;;;1;;;;;;1;;;;;2;;;;;1;;;11;;8;3;1;;;15;;5;;;1;;;;;;2;2;;1;;6;2;;1;;;2;;2;;1;13;1;5;2;;1;;3;1;;;;3;;;;1;;3;;1;14;;2;;3;;;;;;;2;2;2;1;;;5;;3;2;2;1;1;1;;;5;1;1;3;1;2;1;1;;;;;;2;;1;1;;;
35699-5489;;;;;;;;18;1;1;;1;2;;13;;3;6;1;;;;;;;;;;;;;;;;;;;;;;;;;;;;;;;;;;;1;;;1;;1;;;;;6;;2;;;;1;1;;;;1;;1;;;;;;1;;;;;;;;1;;;;;;;;;;;;;;;;;;;;;2;;;;;;;;;1;1;1;1;;;;;2;;;;;;;;;;;;;;;;;;;;;;;;;;;;;
44176-7114;1;4;;1;6;2;;23;;;;1;6;;33;;13;14;1;1;;;;1;1;1;1;1;;;2;;1;;;;;;1;1;;1;1;1;;;;;;;;;;1;;;3;;1;;1;;;11;;3;1;;1;2;1;1;;;;;;;;;;;;;;;;;;;1;;;;;;;2;;;2;;;;;;2;;2;;;12;2;1;;7;2;1;1;1;1;;2;1;1;1;;2;9;;5;2;1;1;5;3;1;1;9;5;3;3;1;1;1;1;;1;;;1;;;;;;;
35491-5490;1;2;;3;;3;1;25;1;;;10;10;;32;;3;3;;1;;;;1;1;1;1;1;;;1;1;;;;;;;3;;;2;2;;1;1;;;;;;;1;1;;;1;;1;;;;;9;;3;;;;;;;;;1;;;1;;1;1;1;1;;;;;;;;6;;1;1;1;1;;1;;;1;;;;;;;1;3;;1;14;;2;;3;2;1;1;1;1;1;1;1;1;1;;;3;;3;2;1;1;1;;;;3;1;;2;1;1;;1;;;;;1;;;;;;;
27760-6895;1;1;1;;;;;9;;;;1;3;1;5;;;;;1;1;;;;;;;;;;1;;;1;1;;;;;;;;;;;;1;1;1;;;;;4;1;1;2;;;;2;1;;3;;3;2;2;;;;;;;;;;1;;;;;;;;;;1;1;;1;1;;;;;;3;1;;1;;;1;;;;;1;1;;3;;1;;2;2;2;2;1;;;;;;;;;;;;;;;;;;;;;;;;;;;;;1;;;;;;;;;
42304-6402;;;;;;;;3;;;;;;;9;;1;2;;;;;;;;;;;;;;;;;;;;;;;;;;;;;;;;;;;;;;;;;;;;;;2;;;;;;;;;;;;;;;;;;;;;;;;;;;;;;;;;;;;;;;;;;;;;;;;3;;;;1;1;;;;;;;;;;;;1;;1;;;;;;;;1;;;;;;;;;;;;;;;;;;;
41425-6895;1;3;;;;;;10;;;;;1;;15;1;3;3;2;1;;;;1;1;;;;;;1;;1;;;;;;;;;;;;;;2;;;;;;;;;;;;;;;;;4;;1;1;;1;;;;;;;;;;;;;;;;;;;;;;;;;;;;;;;;;;;;;;;;;;;7;;;;3;2;1;1;;1;1;2;2;1;1;;;3;2;1;1;1;1;2;1;1;;1;;;1;;1;;1;1;2;;;1;;;;;;;
32035-5384;1;6;1;;16;4;;15;;;;2;2;;2;;;;1;1;1;;;1;1;1;1;1;1;;1;;;;;;;;;6;1;;;2;;;4;;;;3;;;1;;;1;;1;;;;;2;;2;2;2;;;;;;;;;;;;;;;;;;;;;;;2;;;;;;;;;;;;;;;;;;;;;2;;;;2;2;2;2;2;;;;;;;;;;;;;;;;;;;;;;;;;;;;;;;1;;;;;;;
35908-5799;2;2;;;;;;7;;;;;1;;6;;;;;2;3;;1;1;;;;;;;;;;1;1;1;;;;;;;;;;;1;;;;;;;;;;1;1;;;;;;6;;3;1;;;;;;;;;;;;;;;;;;;;;1;;1;;;;;;;;;;;;;;;;;;2;;;;3;;;;1;;;;;;;;;;;;;;;;;;;;;;;;;;;;;;;;;1;1;;2;;;2;;;
40751-6402;;2;;;13;1;;11;;;;2;5;;15;;2;;;;2;;;;;;;;;;;;;;;;;;;3;1;;;1;;;;;;;1;;;;;;;;;;;;;5;;;;;;;;;;;;;;;;;;;2;;;;;1;;;;;;;;;;;;;1;;1;;;;;;;;;1;;;;1;;;;;;;;;;;;1;;;;;;;;;;;;;;;;;;;;;;;;;;;1;;;
41128-6030;1;5;1;;;6;;32;;;2;7;11;;30;;14;19;3;1;5;1;1;;;;;;;;2;1;;1;1;1;;1;;;;;;;1;;2;1;1;;2;;;3;;1;4;;1;;;;;8;1;2;1;1;2;3;2;1;1;;;;;1;1;1;;;1;;;;;1;;;4;1;1;;;;;2;1;;2;1;1;;;;2;;2;;1;12;;1;;3;2;2;1;1;1;;4;2;1;1;1;1;10;2;6;4;2;1;6;3;;1;9;1;;6;;3;;2;1;3;1;1;;1;2;;;;1;
44060-6402;1;6;1;;8;7;2;30;;1;11;13;19;1;55;3;5;2;2;1;12;2;;;;;;;2;;1;1;1;1;1;;1;;;1;;;;1;1;1;2;;1;1;3;;;;;;6;;;;4;;;8;1;3;;;;;;;;;;;1;;;3;;;1;;1;;2;1;;;3;;;;;1;;4;;;2;1;10;;;;;;4;;2;25;;2;1;8;3;1;1;;1;;2;;;;;1;2;;2;2;2;2;1;1;1;;2;1;1;2;1;2;1;2;2;;1;;;;11;;3;1;1;
35751-5490;;;;;;;;6;1;;;6;6;;2;;;;;;3;;;;;;;;;;;;;;;;;;;;;;;;;;;;;;;;;;;;4;;4;1;;;;;;;;;;;;;;;1;1;;;;3;2;;;;;1;3;1;1;;6;;3;2;;;;;;;;;;;;;;;;;;;;;;;;;;;;;;;;;;;;;;;;;;;;;;;;;;;;;;;;;;;;2;;;;
31810-6400;1;3;5;;;3;1;12;;;;;;;9;;;;;1;;;;;;;;;;;;;2;1;1;;3;;;;;;;;;;;;4;2;2;;1;1;;;;;;;;;;3;;2;;;;;;;;;;;;;;;;;;;;;;;;;;;;;;;;;;;;;;;;;;;;;;4;;;;;;;;;;;;;;;;;;;;;;;;;;;;;;;;;;;;;1;;;;;;;;;
36194-5489;;1;;;7;1;1;19;;;;3;3;;23;1;5;2;1;;;;;;;;;;;;;;1;;;;;;;2;;;;1;;1;;;;;;;1;;;;1;;1;1;;;;7;;2;;;;;;;;;;;;;;2;1;;;;;2;;;;;3;;2;1;;;;;;;;;;;;;1;;1;;1;8;;;;3;1;1;1;1;1;;3;1;;;;1;2;;;;;;;;;;;;;;;;;;;1;;;;;;;;;;
36430-5489;;1;;;;;;6;;;;1;2;;4;;;;;;;;;;;;;;;;;;;;;;;;;;;;;;;;;;;;;;;;;;;;;;;;;3;;3;2;;;;;;;;;;;;;1;;;;;;;;;;;1;;1;;;;;;;;1;;;;;;1;;1;;1;3;1;1;1;2;;;;;;;;;;;;;;;;;;;;;;;;;;;;;;;;;;;;;;;;;;
36589-6895;;;;;;1;;4;;;2;1;3;;6;;1;2;;;2;;;;;;;;;;;;;;;;;;;;;;;;;;;;;;1;;;;;;1;;;;1;;;1;;;;;;;;;;;;;;;;1;1;;;;;1;1;;;;1;;;;;;;2;1;;;;2;;;;;;1;;;1;;1;;1;1;;;;;;;;;;;;1;;1;1;;;1;;;;2;1;;1;;;;;;;;;;;2;1;1;;;
39429-6400;1;7;3;;;1;;25;1;;;23;14;2;25;;4;6;;1;;1;;1;1;;;;2;;;;4;;;;;;;;;;;;;;4;;2;;;;;1;;;7;;3;;3;;;9;;2;1;1;;;;;;;1;;;1;;10;7;3;2;2;;;;;;;9;;6;4;3;2;2;3;1;1;3;2;;1;1;1;2;2;2;;2;13;;2;2;4;3;2;2;1;1;;2;1;1;;;1;3;;3;;;;2;1;;;5;2;1;;;;;;;;;;1;;;;;;1;
24082-4114;1;6;2;;4;1;2;7;;;;;1;;8;;;;;1;;2;1;;;;;;1;;1;1;2;1;1;1;1;;;1;;;;;;1;2;;1;;;;1;;;;;;;;;;;2;;2;2;;;;;;;;;;;;;;;;;;;;;;;;;;;;;;;;;;1;1;;;;;2;;;;;4;;;;2;;;;;;;;;;;;;;;;;;;;;;;;;;;;;;;;;1;1;;;;;;;2;
21283-6895;1;2;;;;;;16;2;;;3;7;1;15;;;;;1;;;1;;;;;;;;;;;1;1;1;;;;;;;;;;;1;;;;;;;1;;;1;;;;;;;7;1;2;;;;;;;;;2;1;;1;1;;;;2;1;;;;3;1;;3;1;;;;2;;;;1;1;;;1;;;1;;1;;;2;;;;;;;;;;;;;;;;;;;;;;;;;;;;;;;;;;;;;1;1;;;;;;;;
22483-6030;1;6;3;;1;1;;7;;;;1;1;1;2;;;;;1;1;;1;;;;;;1;1;1;;2;1;1;1;3;;;;;;;1;;;4;;1;1;1;;;1;1;;;;;;;;;;;;;;;;;;;;;;;;;;;;;;1;;;;;;;;;;;;;;;;;;1;1;;;1;;1;;;1;;1;;;;;;;;;;;;;;;;;;;;;;;;;;;;;;;;;;;1;1;;;;1;;;;
31572-5384;;1;;;;;;6;;;1;;;;;;;;;;2;;;;;;;;;;;;;;;;;;;;;;;;;;1;;;;;;;1;;;;;;;;;;;;;;;;;;;1;;;;;;;;;;;;;;;;;;;;;;;;;;;;;;;;;;;;;;;;;;;;;;;;;;;;;;;;;;;;;;;;;;;;;;;;;;;;;;;;;;;;;
30588-5799;1;1;;;;;;7;;;;;;;3;;5;9;;1;;;;1;1;1;1;1;;;;;;;;;;;;;;;;;;;;;;;;;;;;;;;;;;;;3;;;;;1;3;3;2;;;;;;;;;;;;;;;;;;;;;;;;;;;;;;;;;;;;;;;;;;;;;;;;;;;1;1;1;1;;;5;1;3;2;1;;1;1;;;5;1;1;3;1;1;1;;;;;;1;;;;;;;
18432-5799;1;4;;;6;2;1;10;;;;;1;;15;;8;12;;1;1;;1;1;1;1;1;1;2;;;;;1;1;1;;;;4;;;;2;;1;2;;;;;;;1;;;;;;;;;;;;;;;;2;2;1;;;;;;;;;;;;;;;;;;;;;;;;;;;;;1;;;;;;;;;;;1;;;;1;;;;;;;2;2;;;;;7;;2;1;1;;1;;;1;3;;;2;;1;;;;;1;1;1;;;;;;;
21380-4114;;;;;;;;6;1;;;1;3;;11;;2;9;;;1;;;;;;;;;;;;;;;;;;;;;;;;;;;;;;;;;;;;1;;;;1;;;4;;;;;;;;;;;1;1;;;;;;;;;;;;1;1;;;;;;;;;1;;;1;;1;;;;;;1;;;1;;;;1;;;;;;;;;;;;;2;;;;;;2;2;;;1;1;1;1;1;;;;;;;;;;;1;1;;;
31805-5489;1;4;;;10;4;;22;1;;;;4;;25;;4;2;;1;1;;1;;;;;;;;2;2;1;1;1;1;;;;4;;;;2;;;3;;;;3;;;6;1;4;1;;;;;;;11;;6;6;4;2;2;;;;;1;;;;;;;;;;;;;3;;1;;;;;;;;1;;;;;1;;;;1;;3;2;;10;1;3;;7;5;4;3;3;;;3;2;1;1;1;2;2;1;1;1;1;1;2;;;1;1;1;;1;1;1;1;1;1;;1;1;;;;;;;;
37574-5489;;;;;;;;1;;;;;;;;;;;;;;;;;;;;;;;;;;;;;;;;;;;;;;;;;;;;;;1;;;;;;;;;;;;;;;;;;;;;;;;;;;;;;;;;;;;;;;;;;;;;;;;;;;;;;;;;;;;;;;;;;;;;;;;;;;;;;;;;;;;;;;;;;;;;;;;;;;;;;;;
31444-5061;1;9;;;9;2;;42;6;;;5;12;;26;;15;19;;2;;;1;;;;;;3;;1;;;1;1;1;;;;2;;;;1;;;4;;;;;;;1;;;5;;2;1;;;;11;1;3;;;1;3;3;;;;6;6;;;;3;3;3;;;;2;;6;2;1;5;;3;3;3;;;;;;1;1;;;;;1;1;1;;1;10;;;;2;;;;;1;1;3;3;2;2;;;15;;8;3;;;8;5;2;2;13;8;5;4;4;1;1;1;;;1;1;;;;;;;;
39722-6401;;4;1;;;1;;18;;;;3;5;;17;;11;11;1;;;;;;;;;;;;;;2;;;;1;;;;;;;;;;3;;;;;;;;;;1;;1;1;;;;8;;6;4;4;1;2;1;1;;;;;;;;2;;;;;;;;;;;3;;2;;;;;;;;1;;;;;;1;1;3;;1;12;1;3;1;8;8;5;2;;2;2;6;5;5;5;2;;8;;8;6;6;3;4;2;1;1;11;4;2;8;4;7;4;3;3;;;;;;;;;;;
30705-5489;1;2;;;4;2;;11;;;;1;2;;8;;;;;1;;;;1;1;1;1;1;;;;;;;;;;;;;;;;1;;;1;;;;1;;;;;;;;;;;;;4;;;;;;;;;;;;;;;;;;;;;;;;;;;1;;;;;;;;;;1;;;;;;;;;;;1;;;;;;;;;;;;;;;;;;;;;;;;;;;;;;;;;;;;;;;1;;;;;;;
31469-6030;;9;;7;3;7;;28;1;;;21;20;;21;;8;15;;;;2;;;;;;;1;;1;;;;;;;;7;;;6;6;;;;4;1;;;3;2;;;;;5;;3;1;2;;;7;2;3;2;1;;2;1;;;1;1;1;;1;;9;7;4;1;1;;4;;3;1;2;17;;7;5;2;1;1;3;3;;1;;;;;;;;5;1;4;8;;3;3;5;3;1;1;1;1;;1;;;;;1;5;;2;;;;3;1;;1;7;2;;3;2;1;1;1;1;;;;;;;;;;2;
35410-6895;;;;;2;1;;29;1;;;2;11;;16;;2;2;;;;1;;;;;;;;;;;;;;;;;;;;;;1;;;;;;;;;;1;;;2;;;;;;;6;2;2;2;1;;;;;;;1;1;;;;1;1;;;;;1;;1;;;2;;1;1;;;;1;;;2;;;;;;;1;2;;2;5;;;;3;2;2;2;1;1;1;2;2;1;1;;;2;;1;1;;;;;;;1;;;1;;;;;;;;;;;;;;;;
41425-6402;2;6;1;;;;1;29;1;;;8;11;1;39;;10;21;3;2;2;;1;1;1;;;;;;;;;;;;;1;;;;;;;;;2;;;;;;;;;;5;;1;;;1;1;13;;3;;;1;1;1;;;;1;;;3;2;2;;;4;3;;;;;;;8;3;1;;;3;2;;;;1;;2;;1;1;;;;;;14;;;;3;2;2;1;;2;2;5;5;2;2;;1;9;2;4;3;;;5;2;1;1;8;2;;5;1;1;;;;3;1;1;1;;;1;;;;
35962-5384;2;10;1;;;;;24;;;;;3;1;12;;1;1;;2;;;1;1;;1;1;;;;2;;;1;1;1;1;;;;;;;;;;8;1;1;1;;;;3;;2;2;2;;;;1;;9;;1;;;1;;;;;;;;;;;;;;;;;;;3;1;1;;;;;;;;;;;;;;;;;;;1;1;;1;;;;;;;;;;;1;1;;;;;1;;;;;;;;;;;;;;;;;;;;1;1;;;;;;;;
21513-5384;1;8;;;;;;12;;;;;1;;8;;3;5;1;1;;;1;;;;;;;;1;;;;;;;;;;;;;;;;1;;;;;;;;;;;;;;;;;4;1;1;1;;;1;1;1;;;;;;;;;;;;;;;;;;;;;;;;;;;;;1;;;;;;2;;1;;;1;;;;1;;;;;;;;;;;;1;2;;2;1;1;;3;1;1;;3;3;1;2;1;2;1;1;;1;1;1;;;;;;;;
31810-4917;1;2;4;;;;;5;;;;;;;4;;;;;1;;;;1;;1;1;;;;;;1;;;;2;;;;;;;;;;;;2;1;;;;1;;;;;;;;;;1;;;;;;;;;;;;;;;;;;;;;;;;;;;;;;;;;;;;;;;;;;;;;;;;;;;;;;;;;;;;;;;;;;;;;;;;;;;;;;;;;;;;;;;;;;;;;;
36278-5490;1;3;;;;1;;26;;;;13;9;;32;;3;5;;1;;;;1;1;1;1;1;;;;;;;;;;;;;;;;;;;;;;;1;;;;;;2;;2;;;;;12;;5;3;2;;;;;;;;;;1;1;6;4;2;1;;;1;;3;;2;7;;3;1;;;;;;;;;;;;;2;;;;;11;;;;6;3;2;2;2;;;;;;;1;;2;;1;1;1;;1;;;;4;1;;4;1;3;1;;;;;;1;;;;;;;
25326-4114;;3;;;;2;;13;;;2;1;3;1;11;;1;1;1;;3;1;;;;;;;;;2;;;;;;;;;;;;;;;;;;;;1;;;;;;1;1;;;;1;1;4;;3;1;;1;;;;1;1;;;;;;;;;;;;;;1;;;1;;;;;;;;;;;;2;;1;1;;;1;;;6;;1;;3;1;;;;;;1;1;1;1;;;1;;1;1;1;1;;;;;1;;;1;;1;;1;1;1;;;;3;2;;1;1;;
35936-6400;;;;;;;;4;;;;;;;5;;;;;;;;;;;;;;;;;;;;;;;;;;;;;;;;;;;;;;;;;;;;;;;;;2;;1;;;;;;;;;;;;;;;;;;;;;;;;;;;;;;;;;;;;;;;;;;;;;;2;;;;;;;;;;;;;;;;;;;;;;;;;;;;;;;;;;;;;;;;;;;;;;
36057-5384;1;4;;;;1;;15;1;;;3;5;;14;;2;2;;1;2;;;1;1;1;1;1;;;1;;;;;;;;;;;;;;;;2;1;;;1;;;1;;1;2;;1;;1;;;6;;;;;1;1;;;;;1;1;;2;;2;;;;;;;;1;;;3;1;2;;;;;1;1;;;;;;;;2;;;;;;;;;;;;;;;;1;1;;;;1;1;;;;;;;;;;;;;;;;;;;;;;1;1;;;1;;;
28386-5061;;5;1;;;;;10;;;;1;2;;3;;1;1;;;;;;;;;;;;1;2;;1;;;;1;;;;;;;;;;4;1;;;;;;;;;1;;1;;;;;3;;;;;1;;;;;;;;;;;;;;;;;;;1;;;1;;;;;;;;;;;;;;;;;;1;1;;1;;;;;;;;;1;;1;1;;;1;;1;;1;1;;;1;1;;;1;1;1;1;1;;;;;;;;;;;;;;;
33680-5799;;2;1;7;;5;;19;;;;2;2;;8;;2;;;;;;;;;;;;;;1;1;1;;;;1;;4;;;4;4;;;;1;;1;1;3;3;;1;;;1;;;;;;;3;;;;;;;;;;;;;;1;;;;;1;1;;;;;;;1;1;;;;;;;;;;;;;;;;1;;;;3;;;;2;1;1;1;1;1;;2;;;;;2;;;;;;;;;;;;;;;;;;;;;;;;;;;;;;
28062-7114;1;8;;;;1;;17;;;;;1;;14;;;;;1;;;;1;1;1;1;1;;;2;;;;;;;;;;;;;;;;7;2;;;;;;2;;1;;;;;;;;4;;3;2;1;;;;;;;;;;;;;;;;;;;;1;;;;;;;;;;;;;;;;;;;2;;;;;7;2;;;3;1;;;;;;;;;;;;;;;;;;;;;;;;;;;;;;;;;;1;;;;;;;
40989-7114;;1;;;;;;6;;;;;;;4;;2;1;;;;;;;;;;;;;;;;;;;;;;;;;;;;;;;;;;;;1;1;1;;;;;;;;3;;2;2;1;;;;;;;;;;;;;;;;;;;;;;;;;;;;;;;;;;;;;;;1;;;;;3;1;;;2;1;;;;1;1;2;1;1;;;1;1;;1;;;;1;1;1;;1;1;1;;;;;;;;;;;;;;;;;
36589-6400;;;;;;;;1;;;;;;;;;;;;;;;;;;;;;;;;;;;;;;;;;;;;;;;;;;;;;;;;;;;;;;;;;;;;;;;;;;;;;;;;;;;;;;;;;;;;;;;;;;;;;;;;;;;;;;;;;;;;;;;;;;;;;;;;;;;;;;;;;;;;;;;;;;;;;;;;;;;;;;
21283-7297;1;7;;;;;;18;;;;2;3;;22;;1;5;;1;;;;1;1;1;1;1;;;4;1;2;;;;;;;;;;;;;;4;2;;;;;;;;;2;;1;1;;;;8;;;;;;;;;;;;;;;;1;1;;;;;1;;;;;2;;1;1;;;;;;;1;;;;;;3;;1;;1;5;2;;;;;;;;;;;;;;;;1;;;;;;;;;;1;;;1;;1;;;;;;;1;;;;;;;
39977-6401;1;14;2;1;;2;;46;;2;;30;23;;41;1;6;5;1;1;4;4;1;;;;;;;;2;2;1;;;;;;1;;;1;1;;;;5;1;1;;1;;;;;;7;1;4;2;1;;;15;2;8;3;2;;;;;;1;;;2;7;1;15;7;4;;;;;1;4;1;3;15;1;9;3;2;;;3;2;;5;2;1;;;;2;;8;2;5;16;2;3;3;7;4;4;2;2;;;2;2;1;1;;1;5;;4;3;2;1;2;1;;;4;2;1;3;2;2;1;1;1;1;1;1;;;;1;1;2;3;
36259-5490;1;2;;3;;3;1;25;;;;5;6;;42;;8;7;;1;;;;;;;;;;;1;;;;;;;;2;;;2;2;;1;;1;;;;2;1;;2;;1;2;;1;;;;;10;;1;;;;1;1;;;;;;;2;;1;;;;;;;;;;;4;2;1;;;;;;;;1;;;;;;;1;;;;5;;;;2;1;1;;;1;1;5;4;1;1;;1;5;1;1;1;1;;3;2;;;1;1;1;1;1;1;1;;;;1;;;;;;;;;
36545-5384;3;9;;;;;;15;;;;2;3;;12;;5;9;;3;2;;1;2;2;1;1;1;4;;;;;1;1;1;;;;;;;;;;;6;;;;;;;;;;1;;;;;;;1;;;;;1;1;1;1;;;;;;;;1;;;;;;1;;;;;2;;1;;;;;1;1;;;;;;;;;;;;;2;;;;2;1;1;;;;;3;3;1;;;2;3;;1;1;1;;1;;;1;1;1;;1;1;1;1;;;;1;1;2;1;;;;;;
36244-5490;1;5;3;2;24;5;1;42;2;3;12;16;14;2;32;;3;2;1;1;24;17;1;;;;;;;;1;;3;1;1;1;1;;1;7;4;1;1;1;;1;3;;1;;2;1;;;;;;;;;;1;1;7;1;3;2;;;;;;;15;2;1;3;;;1;1;;;;;;3;1;;;5;;;;;;;2;;;;;4;;2;1;1;;1;;1;7;1;;;3;1;;;;1;;1;;;;;1;2;;1;;;;;;;;1;;;;;;;;;;1;1;;;9;;2;16;11;
36145-5384;;5;3;;12;3;;17;;;;2;1;;7;;4;6;;;1;;;;;;;;;1;;;;;;;1;2;;3;3;;;;1;;5;;;;3;;;;;;;;;;;;;5;;4;2;1;;1;;;;;;;;;;;;;;;;;;;;;;;;;;;;;;;;;1;;;;;;1;;;5;;1;;3;1;;;;1;1;1;1;1;;1;;2;;2;;;;1;1;1;;4;1;1;;;;;;;;;;;;;1;;;;
35410-4917;;5;1;1;2;4;1;33;;;1;2;6;;14;;2;2;;;4;3;;;;;;;1;1;1;;2;;;;1;;1;1;;1;1;;;1;2;;;;2;1;;1;;1;;;;;;;;8;1;3;1;;;;;;1;1;;;;;;1;;;1;;;;;;;;1;;;;;1;;;;;2;1;1;;;;2;1;2;;1;7;1;1;;2;1;;;;1;1;1;1;;;;;2;;;;;;;;;;;;;;;;;;;;;;;;1;1;2;1;1;
27820-5061;1;8;;;15;2;;25;2;1;;5;8;;31;;6;6;;1;1;;;1;1;1;1;1;1;;1;;;;;;;;;12;8;;;;1;;4;;;;1;;;;;;2;;2;;;;;8;;4;;;;1;;;;;1;;1;2;;1;1;;;;;;;;;;3;1;1;1;;;;1;;;3;1;1;;;;2;;;;;10;;;;3;1;1;;;3;2;3;2;1;;;2;4;;3;1;1;;3;1;;1;4;3;1;2;2;2;2;;;;;;1;;;1;;;;
28027-4114;1;2;;;;1;;8;;;;1;2;;7;;1;1;;1;1;;1;;;;;;1;;;;;1;1;1;;;;;;;;;;;1;;;;;;;;;;1;;;;1;;;4;;2;1;1;;;;;;;;;;;;;;;;;;;;;;;1;;;;;;;1;1;;;;;;;;1;;1;;;2;;1;;1;1;;;;;;;;;;;;1;1;;;;;1;1;1;;;;;;;;;;;;1;1;;1;;;;;;
31570-4114;1;7;1;2;;2;1;28;1;;;9;9;1;37;2;6;8;1;1;1;;1;;;;;;;;1;;1;;;;;;1;;;2;1;;;1;1;;;;;;;;;;4;;2;1;1;;;11;;4;2;1;;1;;;;;1;1;;;;5;2;1;1;1;;1;1;1;;1;8;;4;2;1;1;1;1;1;;;;;;1;1;;1;3;1;2;12;;2;1;7;5;1;1;1;1;1;2;1;;;;2;3;1;1;;;;3;;;;3;1;;1;1;;;;;1;1;1;;;;1;;;;
21629-5061;1;15;;4;1;5;;33;;;;21;21;;23;;6;5;;1;2;1;;1;;;;;1;;1;;;;;;;;4;;;4;4;1;;;9;;;;1;1;;3;;;7;;4;2;1;;;3;;;;;;1;;;;1;;;;2;;10;3;3;4;4;;5;1;;;;16;;8;2;2;2;2;2;1;;2;;;;;;;;4;;3;8;;3;2;2;1;1;;;;;1;1;1;1;;;4;;3;3;2;2;1;1;;;3;1;1;3;1;2;1;2;2;;;;;;;;1;1;1;
22271-4917;;1;;;;;;13;;;;;1;;10;;1;;;;;;;;;;;;;;1;;;;;;;;;;;;;;;;1;1;;;;;;;;;;;;;;;;8;1;3;2;1;;;;;;;;;;;;;;;;;;;;;;;;;;;;;;;;;;;;;;;;;1;;;3;;;;2;1;;;;1;;1;;;;1;;;;;;;;;;;;;;;;;;;;;;;;;;;;;;;
31456-4917;;3;;2;4;2;;20;;;;2;3;;19;;6;5;;;1;;;;;;;;;;1;1;;;;;;;1;2;1;1;1;;;;1;;;;1;;;2;;1;;;;;;;;10;2;2;1;1;;1;;;;;;;;1;;1;;;;;;;;;;;1;;1;;;;;;;;1;1;1;;;;;1;2;;1;5;;;;3;2;;;;;;;;;;1;;3;;3;1;1;1;1;;;1;4;1;;2;1;2;1;1;1;;;;;;;1;;;;
39948-6400;;;;;;;;7;;;;1;1;;6;;1;1;;;;;;;;;;;;;;;;;;;;;;;;;;;;;;;;;;;;1;;1;;;;;;;;3;;;;;;;;;;;;;;;;;;;;;;;;;;;1;;;;;;;;;;;;;;;;;;;;;1;;;;1;;;;;;;;;;;;;1;1;;;;;1;;;;;;;;;;;;;;;;;;;;;;;
35698-7297;;;;;;;;1;;;;;;;;;;;;;;;;;;;;;;;;;;;;;;;;;;;;;;;;;;;;;;;;;;;;;;;;;;;;;;;;;;;;;;;;;;;;;;;;;;;;;;;;;;;;;;;;;;;;;;;;;;;;;;;;;;;;;;;;;;;;;;;;;;;;;;;;;;;;;;;;;;;;;;
39905-6400;;3;;1;;1;;9;1;;;2;2;;10;;4;4;1;;1;;;;;;;;;;;;1;;;;;;1;;;1;1;;;;;;;;1;1;;;;;1;;1;1;;;;5;;3;1;;1;1;;;;;1;;;;;1;1;;1;;;;;;;;1;;1;1;;;;;;;;;1;;;;;;;;;4;;;;2;1;1;1;1;2;2;3;3;3;3;;1;4;;3;3;2;1;1;1;1;;3;1;1;3;;2;;1;1;1;;;;;;1;;;;
35950-5799;1;2;;;;;;18;;;;1;2;;11;;1;;;1;;;1;;;;;;;;;;1;1;1;1;;;;;;;;;;;1;;;;;;;1;;;1;;;;;;;4;;3;1;;;;;;;;;;;;;;;;;;;;;;;;1;;;;;;;;;;;;;;;;;;1;;1;3;;1;1;1;;;;;1;;1;;;;;1;;;;;;;;;;;;;;;;;;;;;1;1;;;;;;;;
40838-7114;1;10;;;;1;;13;;1;;6;7;1;11;;1;1;;1;1;;1;;;;;;;;;;3;;;;;;;;;;;;;;3;;;;;;;;;;1;;1;1;;;;3;;1;;;;;;;;;;;1;2;1;4;;;;;;1;1;;;;4;;4;;;;;1;1;1;1;;1;;1;;3;;2;;1;4;2;1;1;1;1;;;;1;1;1;1;;;;;1;;;;;;;;;;;;;;;;;;;;1;1;;;;1;;;;
23182-6030;1;1;;;;;;5;;;;;;;7;;1;4;;1;;;;1;1;1;1;1;;;;;;;;;;;;;;;;;;;;;;;;;;;;;;;;;;;;2;;1;;;;;;;;;;;;;;;;;;;;;;;;;;;;;;;;;;;;;;;;;;;;;;3;;;;;;;;;1;;1;;;;;1;;;;;;;;;;;;;;;;;;;;;;;1;;;;;;;
32035-7114;1;6;7;1;1;3;1;15;1;;;1;3;;8;;1;1;;1;;;;;;;;;1;;1;;;;;;3;2;1;1;;1;1;1;;1;;;5;3;2;;;4;1;1;2;;1;;;;;3;;2;1;;;;;;;;1;1;;1;;;;;;;;;;1;;;1;1;;;;;;;;;;;;;;;2;;;;;3;1;;;1;;;;;1;1;1;1;;;;;1;1;;;;;1;1;1;;;;;;;;;;;;1;;;;;;;;;
35754-6895;2;4;;;;;;19;;;;;2;;16;;3;5;;2;;;;2;2;2;2;2;1;;;;;;;;;;;;;;;;;;2;;;;;;;;;;1;;;;;;;5;;;;;;1;1;;;;;;;;;;;;;;;;;1;;;;;;;;;;;;;;;;;;;;;;;;2;;;;;;;;;;;;;;;;;3;;;;;;;;;;;;;;;;;;;;;;2;;;;;;;
40324-6401;1;13;1;4;;5;;51;2;;1;24;28;;37;;11;29;4;1;5;3;;1;;;;;1;;;;1;;;;;;3;;;4;3;;;;4;;;;2;1;;1;;;6;;4;1;;;;14;1;4;2;;1;3;3;1;;1;2;;;;;11;3;;1;;;1;;2;;;13;;7;3;;;;1;;;5;1;;;;;;;3;;;8;;;;3;;;;;2;2;3;3;1;;;;10;1;3;2;1;;3;1;1;2;9;2;1;6;1;2;1;;;2;;;;1;1;;1;3;2;
44033-6590;1;3;;1;3;4;;45;1;3;2;8;13;1;18;;1;1;;1;3;;;1;1;1;1;1;;;;;;;;;;;1;2;;1;1;;1;;2;;;;3;1;;19;10;8;9;3;6;;1;;;17;4;7;2;1;;;;;;;1;1;2;5;;;;;3;3;;;;4;2;1;7;3;;;;3;3;1;1;1;;;2;;1;;1;4;5;2;1;7;;;;2;1;;;;;;;;;;;;1;1;;;;;1;1;1;;;;;;;;;;;;;;1;;2;;1;;;
31806-4114;1;8;2;1;3;4;3;26;1;;3;2;3;3;23;;;;;1;4;2;;1;1;1;1;1;;;2;;1;;;;;2;1;;;;;1;;3;2;1;2;;1;;3;2;2;1;;;;;;2;1;7;;2;;;;;;;;;1;;;;;;;;;;;;1;;;;1;;;;;;;;;;;;2;1;2;;1;;;;;5;;;;1;1;;;;;;;;;;;;;;;;;;;;;;;;;;;;;;;;;;1;;3;;;;1;
39065-5384;1;5;2;;1;3;;8;;;1;3;4;2;8;;1;;;1;2;1;;1;1;1;1;1;3;1;1;;;;;;1;;;1;;;;1;;;2;;1;;;;;1;;1;1;;1;1;;;;2;;1;1;;;;;;;;;;;;;2;1;1;;;2;;1;;;;2;;2;1;1;;;;;;1;;1;1;;;1;1;1;;1;3;;1;1;3;2;1;1;;;;;;;;;;;;;;;;;;;;;;;;;;;;;;;;1;1;1;1;;1;;
41138-6030;;8;;5;;5;1;20;;;;4;4;;15;;7;14;;;;;;;;;;;;;1;;1;;;;;;4;;;4;3;;;;4;;;;2;2;1;2;;1;;;;;;;;6;;3;2;2;2;;;;;;;;;;;1;;;1;;;;;1;;;2;;1;;;;;1;1;;;;;;;;;;;;;9;;;;6;4;2;1;;2;;6;3;2;1;;3;4;;3;2;;;1;;;;5;;;2;;;;;;;;;;;;;;;;
31165-4448;1;10;1;;9;1;1;27;;;;3;4;2;20;;10;20;1;1;;;;1;1;1;1;1;1;;2;;;;;;1;;;4;2;;;1;;1;6;;;;;;1;2;;1;2;;1;;;2;;9;;4;;;1;1;;;;;;;;1;;1;;;1;;;;;;;;3;1;1;;;1;;1;1;;2;1;;1;;;1;;1;;;6;1;1;;1;;;;;2;1;4;3;2;2;;;8;1;4;3;2;1;1;1;1;;4;;;3;;2;;1;1;1;;;1;;;;;;;
36131-5489;;5;2;;;1;;37;1;;;9;14;2;42;;7;6;2;;;;;;;;;;;1;1;1;1;;;;1;2;;;;;;;1;;2;1;1;;1;;;3;;2;1;;1;;;1;1;13;1;7;1;;1;2;1;1;;;1;;;1;;;;;2;2;;;;3;;;9;1;;;;2;2;;;;;;;1;1;1;2;3;3;;1;14;;1;;5;3;3;2;2;1;1;2;2;1;;1;;5;;4;2;;;1;;;;5;1;;3;1;1;;1;;2;;;;;;;;;;
40066-6401;;4;;2;3;2;;11;;;;1;1;;14;;6;4;;;1;;;;;;;;;;;;3;;;;;;1;;;2;1;;;;1;;;;1;1;;;;;;;;;;;;3;;1;;;;;;;;;;;;;;;;;;;;;1;;;;1;;;;;;;;;;1;1;;;;;1;;1;;1;7;1;;;1;1;;;;3;;4;;;;;1;2;;2;1;1;;;;;;3;;;1;;1;;;;;;;;;;1;;;;
41593-6400;;2;1;;;;;12;;;;4;5;2;17;;3;3;1;;;2;;;;;;;;;1;1;;;;;1;;;;;;;;;;1;;1;1;;;;1;;;3;;2;1;1;;;4;;1;;;;1;1;1;;1;;;;1;;2;2;2;;;2;;;2;1;1;4;;2;2;2;;;1;;;2;1;;1;1;;;;1;;1;6;;;;2;2;;;;;;;;;;;;3;1;3;2;1;1;3;1;1;;3;3;1;2;2;1;1;1;1;1;;;;;;;;;1;
44112-7114;1;8;1;7;2;7;;33;;;1;;3;1;16;;1;1;;1;3;;1;1;1;1;1;1;3;;5;1;;1;1;1;;;6;;;6;5;;1;;4;2;1;;5;5;;3;;2;2;1;;;;;;9;;1;;;;;;;2;;;;;;;;;;;;;;;2;1;1;;;;;;;;1;;;1;;;1;;;;1;;;;2;;;;;;;;;;;;;;;;;1;;1;;;;1;;;;1;1;;;;;;;;;1;1;1;1;1;;;;;
38165-5384;;1;1;;;1;;5;;;;1;1;;1;;;;;;1;;;;;;;;;;;;;;;;1;;;;;;;;1;;;;1;1;1;;;2;;;1;;;;;;;;;;;;;;;;;;;;;;;1;1;;;;;;;;;;;;;;;;;;;;;;1;;;;;;;;;;;;;;;;;;;;;;;;;;;;;;;;;;;;;;;;;;;;;;;;;;;1;1;;;
27455-6030;;3;2;;;;;5;;;;;;;;;;;;;1;;;;;;;;;;;;;;;;2;;;;;;;;;;;;2;2;;;;1;;;;;;;;;;;;;;;;;;;1;;;;;;;;;;;;;;;;;;;;;;;;;;;;;;;;;;;;;;;;;;;;;;;;;;;;;;;;;;;;;;;;;;;;;;;;;;;;;;;;;;;;;
27455-5061;1;6;3;1;;1;;15;1;;;4;5;;3;;1;;;1;1;1;;1;1;1;1;1;;;4;1;;;;;2;;1;;;1;1;;;;4;3;2;2;;;;1;;;4;1;3;;;;;3;;1;;;;;;;;1;1;1;;2;1;;;;;;;;1;2;;;3;2;;;;;;;;;;;;;;;;;;;;1;;;;;;;;;;;;;;;1;;;;;;;;;;;;;;;;;;;;;;;;1;1;;;;;;
36130-6401;1;13;8;1;;2;;25;;;;11;6;;11;;1;7;;1;;;;1;1;;;;;;4;;;;;;7;1;1;;;1;1;;;;4;2;8;7;1;1;;2;;;4;;4;3;;;;2;;;;;;;;;;;;;;2;;10;6;4;3;3;;;;2;;;6;;6;4;4;2;2;1;;;;;;;;;;1;;;;;;;;;;;;;;;1;1;;;;;1;;;;;;;;;;2;;;1;;1;;1;;;;;1;;;;;;;
40720-6400;1;3;1;1;;4;;39;;1;2;19;18;1;31;;3;4;;1;7;2;;;;;;;1;1;;;1;;;;;1;1;;;1;1;;;;1;;;;4;1;;1;;;7;;5;1;;;;16;;5;1;1;1;;;;;1;;;1;4;2;6;3;2;2;1;;;2;1;;1;12;2;3;2;1;2;1;1;;1;1;;;1;;;1;;3;;2;8;;;;2;1;;;;2;2;3;2;1;;;;3;1;1;;;;3;3;2;;2;2;2;;;;;;;;1;;;2;2;1;;;2;
32895-6030;2;14;1;4;19;12;8;65;2;1;;12;12;8;38;;9;11;;2;7;;2;;;;;;2;1;7;2;;1;1;1;1;;2;4;2;4;2;1;2;5;8;3;;;2;1;6;6;;4;5;;4;;;4;3;23;1;6;3;;;5;5;4;4;;2;1;1;7;1;;;;1;;2;1;;4;2;1;8;5;;;;1;;;;;;;;5;3;3;1;3;3;2;1;14;1;2;1;9;4;2;1;1;1;1;2;2;2;2;1;;7;1;7;6;4;3;5;3;1;2;7;4;;6;4;4;2;3;;;2;2;;4;;;;;;
32030-7297;2;5;;;;1;;16;2;;;4;8;;17;;;;;2;;;;2;2;1;1;1;1;;2;1;;;;;;;;;;;;;1;;;;;;;;;;;;1;;;;1;;;6;;;;;;;;;;;2;2;;2;1;2;;;;;;;;2;1;;4;1;2;;;;;1;;;;;;;;;2;;;;;2;;;;1;1;1;1;;;;;;;;;;;;;;;;;;;;;;;;;;;;;;;;2;;;;;;;
44118-6402;1;4;;;;;;7;;;;1;1;;6;;;;;1;2;;;1;;;;;1;;1;;1;;;;;;;;;;;;;;1;;;;;;;;;;1;;;;1;;;2;;1;;;;;;;;;;;;;;;;;;;;;;;;;1;;;;;;;1;1;;;;;;;;4;;;;;3;2;;;1;1;;;;;;;;;;;;;;;;;;;;;;;;;;;;;;;;;;;;;;;;;
22977-5799;1;3;;1;;1;;22;;;;2;9;1;12;;1;;;1;;2;;1;;1;1;;;;1;;1;;;;;;1;;;1;1;;;;1;;;;1;1;;2;;;5;;1;1;;;;4;;2;1;1;;1;;;;1;;;;1;1;1;;;;;;;;3;;;2;1;1;;;;;;;;1;1;;;;;1;;2;1;1;7;;1;1;4;3;3;2;1;1;;1;;;;1;1;;;;;;;;;;;;;;;;;;;;;;;;;;;;;2;
28164-4114;1;5;;1;;1;1;35;4;2;;10;24;1;22;;3;3;;1;4;5;;1;1;;;;;;1;1;;;;;;;1;;;1;1;;;;3;;;;1;1;1;1;;1;14;1;7;1;;;;11;2;1;;;;;;;;2;4;1;2;3;1;1;;;;;1;;2;5;2;;8;;1;;;;;;;;2;;;;1;;;;3;2;;1;;1;;;;;;;;;1;1;;;;;3;1;;;;;1;1;;;;;;;;;;;;;;;1;1;;1;;2;4;
32030-6400;1;4;;;2;2;;34;1;1;;6;4;;23;;7;17;;1;7;;1;;;;;;;;;;2;1;1;1;;;;1;1;;;;1;;3;;;;1;;;1;;1;2;;;;1;;;5;;1;1;1;;2;2;;3;;;;1;1;;;;;;;;1;;;;;3;;;;;;;1;1;;;;1;;;;;1;1;;1;7;;;;1;1;1;1;1;;;;;;;;1;6;1;2;;;;2;2;1;;3;;;;;;;;;;1;1;;2;;1;;;;
40188-6400;;;;;;;;15;1;;;3;3;;9;;1;3;;;;;;;;;;;;;;;;;;;;;;;;;;;;;;;;;;;;1;;1;2;1;1;;;;;6;1;2;1;1;;;;;;;1;;;;;;;;2;;;;;1;1;1;3;;;;;2;;;;;;;;;;;;;1;;1;3;;;;1;1;1;;;;;;;;;;;1;;1;;;;;;;;1;;;;;;;;;;;;;;;;;;;
27747-5061;1;20;7;2;3;3;3;43;1;1;2;10;9;1;10;;1;2;;1;8;5;;1;1;1;1;1;;5;8;;;;;;4;3;2;;;2;2;;;2;10;4;;;1;;;1;;;2;;;;;;;5;;;;;;;;;2;1;1;;1;4;;;;;4;;;;;3;;;6;1;;;;4;;;;1;;;1;1;;;;;1;;1;1;;;;;;;;;;;;;;;;;1;;;;;;;;;;;;;;;;;;;;;;1;3;2;;1;4;2;
40720-7297;1;4;;1;;1;;14;;;2;4;4;;13;1;2;2;;1;2;;;1;;1;1;;;;1;1;;;;;;;1;;;1;1;;;;2;;;;1;1;;2;1;1;1;;1;;;;;5;;2;1;;;;;;;;;;;1;;1;;;;;;;1;;;;4;1;;;;;;;;;;;;;;;;;1;;1;7;;;;4;2;1;1;;;;1;1;;;;;2;1;1;1;1;;1;;;;1;;;1;;1;;;;;;;;;2;1;;;;
41292-6400;1;2;;;;;;13;1;;;2;7;1;12;;1;3;;1;1;;;;;;;;;;;;1;;;;;;;;;;;;;;1;;;;;;;1;;;4;;1;1;1;;;5;1;1;;;;;;;;;1;;;1;1;1;;;;;;;;;;;1;;1;;;;;1;;1;1;1;1;;;;1;;3;;;3;;;;1;;;;;;;;;;;;;1;1;;;;;1;;;;1;;;;;;;;;;1;;;;;1;;;;
27780-7297;;;;;;;;3;;;;;;;1;1;;;;;;;;;;;;;;;;;;;;;;;;;;;;;;;;;;;;;;;;;;;;;;;;1;;;;;;;;;;;;;;;;;;;;;;;;;;;;;;;;;;;;;;;;;;;;;;;;;;;;;;;;;;;;;;;;;;;;;;;;;;;;;;;;;;;;;;;;;;;;;;
39056-6401;1;11;7;1;;1;;32;;;;6;6;1;25;2;5;5;3;1;2;;;1;1;1;1;1;1;3;5;;;;;;3;4;1;;;1;1;;1;;5;1;4;1;;;;4;;;1;;1;;;1;;10;1;3;1;;1;;;;1;;;;;3;1;;;;3;2;;;;1;;1;6;3;;;;2;1;;;;;;;;;;1;;2;;2;6;;1;1;3;2;1;;;1;;2;1;1;1;2;1;2;1;2;1;1;;1;;;;4;;;2;;2;;1;1;2;;;1;1;;;;;;
36510-5489;;1;1;;;;;11;1;;;3;3;3;12;4;1;1;1;;;;;;;;;;;;1;;;;;;1;;;;;;;;;;;;;;;;;2;1;;;;;;;1;1;1;;;;;;;;;;;1;;;1;1;;;;;;3;;;;;;3;1;;;;;;;;1;;;;;3;2;;2;1;;1;6;;;;3;2;1;;;;;;;;;;;1;;1;;;;1;;;;1;1;;;;;;;;1;;;;;;;;;;
27780-5799;;;;;;;;10;;;;;1;;21;;2;2;;;;;;;;;;;;;;;;;;;;;;;;;;;;;;;;;;;;1;;1;;;;;;;;7;;2;1;1;1;1;1;1;;;;;;;;;;;;;;;;1;;1;;;;;;;;;;;;;;;;;;1;;;;10;;;;4;2;2;2;1;;;2;2;1;1;;;2;1;1;1;1;;2;2;1;1;1;1;1;1;1;1;1;;;;;;;;;;;;;
26616-7114;;4;4;2;3;5;;19;1;;;6;8;6;18;1;6;6;3;;5;;;;;;;;1;1;2;;;;;;3;;2;;;1;1;;1;;;;3;3;2;;;2;;;;;;;;2;2;6;;;;;;;;;3;;1;;;;;2;1;;2;1;;;;2;;2;2;;2;1;;1;1;;;1;;;2;;4;2;1;;1;1;;5;;1;;1;1;1;;;;;3;2;;;1;1;2;;;;;;;;;;3;;;2;;;;;;2;;;;;;2;;;;
27928-5384;;1;;1;;1;;8;;;;3;5;;3;;1;;;;;;;;;;;;;;1;;;;;;;;1;;;1;1;;;;1;1;;;;;;2;;;5;1;2;;1;;;1;;1;;;;;;;;;;;;;;;;;2;1;;1;;2;;1;3;;;;;2;1;1;1;;1;;;;;;;;1;;1;2;;1;1;;;;;;;;;;;;;;;;;;;;;;;;;;;;;;;;;;;;;;;;;;;
18444-5384;1;4;3;;;;;8;;;;;;;3;;1;6;;1;;;;1;1;1;1;1;;;2;;;;;;2;2;;;;;;;;;1;;3;2;;;;1;;;;;;;;;;3;;1;;;;;;;;;;;;;;;;;;;;;;;;;;;;;;;;;;;;;;;;;;;;;;1;;;;;;;;;;;;;;;;;1;;;;;;1;1;1;;1;1;1;1;1;;;;;;;;1;;;;;;;
31359-6590;1;6;7;;;3;;29;1;;1;2;5;1;18;;3;4;;1;5;4;1;;;;;;;;;;2;;;;4;1;;;;;;;1;;;;4;2;3;;;;;;2;;;;;;;4;;2;2;1;;;;;;1;1;1;;;;1;;;;;;;1;1;1;;2;;1;;;;;;;;1;;1;1;;;1;;;;;3;1;;;2;1;;;;;;2;1;1;1;;1;2;;1;1;1;1;1;1;1;;2;;;1;;1;;1;1;;1;1;;1;1;;1;3;3;
40277-6590;;;;;;;;8;;;;;;;7;;2;1;;;;;;;;;;;;;;;;;;;;;;;;;;;;;;;;;;;;;;;;;;;;;;4;;3;3;3;;;;;;;;;;;;;;;;;;;;;;;;;;;;;;;;;;;;;;;;;;;;4;;;;3;3;1;1;1;1;;1;;;;;;1;;1;1;1;;;;;;1;;;1;;1;;;;;;;;;;;;;;
31569-4114;2;8;2;4;21;12;10;41;;;18;11;11;3;24;1;10;14;1;2;20;8;2;;;;;;1;1;2;;;2;2;2;;1;3;7;4;4;3;3;2;8;4;;;;1;1;5;3;;1;6;;2;;1;3;1;8;2;3;1;;1;5;5;2;;6;;;;4;;2;;;2;;1;;4;2;1;;2;;;;;;;1;;;2;;6;1;1;;1;1;5;1;;7;;1;;3;1;;;;1;1;2;2;1;1;;;10;3;2;2;1;;4;;;1;4;2;;2;2;1;1;;;1;2;2;;1;18;;4;8;1;
31755-4917;;;;1;;1;;15;1;;;3;7;;13;;2;8;;;;;;;;;;;;;;;;;;;;;1;;;1;1;;;;;;;;;;;;;;2;1;1;;;;;6;;2;;;;;;;;;1;1;;1;1;;;;2;2;;;;3;2;1;3;1;;;;1;1;;;;;;;;;;;;1;;1;4;;1;1;1;;;;;;;;;;;;;2;;2;2;1;;1;;;;6;;;3;;1;;;;;;;;;;;;;;
36099-6895;1;2;;;;;;15;1;;;3;5;;15;;4;7;;1;;;1;;;;;;;;;;;1;1;1;;;;;;;;;;;;;;;;;;1;;;2;;1;;;;;6;;2;;;1;;;;;;1;1;;;;;;;;;;1;;1;;1;3;;;;;;;;;;;;;;;;;;2;;2;5;;1;1;1;;;;;;;1;1;;;;;4;;2;;;;;;;;3;;;1;;;;;;;1;1;;;;;;;;
40963-6400;;2;;2;;3;;25;1;;2;3;7;;25;1;4;6;;;2;1;;;;;;;;;1;;1;;;;;;2;;;2;2;;1;;1;;;;1;;;2;;1;4;2;2;1;;;;14;1;6;2;1;2;1;1;1;;1;1;;;2;;1;;;;;;;1;5;;3;3;2;1;;;;;;;;;;1;;;;1;1;2;2;1;8;1;1;1;4;1;;;;;;3;3;1;1;1;;3;1;2;2;1;1;2;1;1;1;2;2;1;2;2;1;1;1;;;;;;1;2;;1;;1;
40197-7114;1;25;;4;1;3;;58;1;;4;7;8;1;36;;2;3;;1;5;;;1;;1;1;;2;;3;2;2;;;;;;;;;3;;;;;20;2;;;2;2;;13;2;;4;1;2;;;;;13;1;5;1;;;2;2;2;;;1;1;;2;;2;;;;;;;;2;1;1;5;2;;;;;;;;1;1;;;;;;1;1;2;;1;14;;1;;4;1;;;;;;;;;;;;2;;2;2;2;1;2;1;1;1;3;2;1;2;1;2;1;1;1;;;;;;4;;;;;
40755-6401;;9;;;18;2;;16;;1;;4;4;;19;;4;9;;;2;;;;;;;;1;;;;1;;;;;;;6;3;;;1;1;;2;;;;2;;;;;;1;;1;;;;;6;;4;;;1;;;;;;;;1;;;1;1;;;;;;;;;;2;;1;1;;;;;;;;;;;;;;;1;;;7;;1;;1;1;1;1;1;;;1;1;;;;;4;1;3;;;;2;1;1;;4;;;;;;;;;;;;;;;;1;;;
17491-4917;1;2;1;1;;2;;25;1;;;2;6;3;17;1;1;4;2;1;1;1;1;;;;;;;;;;;1;1;1;;;1;;;;;;;;1;;1;;1;;;1;;;3;1;;;;2;;1;;;;;;;;;;;1;;;1;;;;;;;;;;1;;;1;;;;;;;3;;;1;1;;1;;;1;;;;;7;1;;;2;2;;;;;;;;;;;;1;;;;;;1;;;;2;1;;1;1;;;;;1;1;1;;;;;;;;
25326-5490;;;;;;1;;4;;;;;;;1;;;;;;;;;;;;;;;;;;;;;;;;;;;;;;;;;;;;1;;;;;;;;;;;;;1;;;;;;;;;;;;;;;;;;;;;;;;;;;;;;;;;;;;;;;;;;;;;;;;;;;;;;;;;;;;;;;;;;;;;;;;;;;;;;;;;;;;;;;;;;;;;;
36131-6030;1;7;3;;;;;42;1;;;6;8;5;52;;13;15;;1;1;;;1;1;1;1;1;;;4;2;;;;;;2;;;;;;;;;3;2;3;;;;;3;;2;2;;;;;1;1;16;1;7;6;2;;3;2;2;;;1;;;2;1;;;;2;;;;;;;;5;2;;;;2;;;;3;;;1;1;3;3;2;1;1;;1;20;1;;;10;3;2;2;2;1;1;2;2;1;1;3;1;9;1;5;3;2;1;2;1;;1;5;;;3;;2;;1;1;;;;1;;;1;;;;
27760-6030;;2;2;;;;;4;;;;2;4;1;3;;;;1;;1;;;;;;;;;;1;;;;;;1;1;;;;;;;;;;;2;1;;;;2;;;;;;;;;;2;;1;;;;;;;1;;;;;;;1;;;1;;;;;;;;2;;1;;;;;;;1;1;1;;1;;;1;1;;;;2;1;;;;;;;;;;;;;;;;;;;;;;;;;;;;;;;;;;;;;;;1;;;;;;
40101-6401;1;5;2;1;6;2;;33;;;;20;18;;26;2;7;14;1;1;1;2;;1;1;1;1;1;;;1;;;;;;1;;1;;;;;1;;;3;;2;1;1;;;2;;;10;;6;3;1;;;7;;3;1;1;;2;2;;;1;;;;4;1;12;2;2;;;;2;;;;;13;1;6;;;;;1;;;1;;;;;;;;4;;3;10;;1;;2;1;;;;2;2;3;3;1;1;;1;6;1;3;2;1;;3;;;2;7;3;;3;2;2;;1;1;1;;;1;;;;1;1;2;
36123-5384;;5;;;;;;16;;;;;;;14;5;1;1;3;;2;;;;;;;;1;;1;;;;;;;;;;;;;;;;3;;;;;;;2;;;;;;;;;;2;;;;;;;;;1;;;;;;;;;;;;;;;;;;;;;;;;;;;;;;;;;;;1;;;;6;;;;5;2;1;1;1;;;;;;;;;1;;1;1;1;1;;;;;1;;;1;;1;;1;1;1;;;;;;;;;;
29016-4114;1;4;3;;5;4;3;24;1;;;6;9;2;20;;3;5;2;1;;;1;;;;;;;2;1;;;;;;;3;;1;1;;;2;;3;2;;1;;;;;;;;2;;1;;;;;6;;2;;;;;;;;;1;;;;;;;;6;2;;;;5;;1;6;;;;;6;2;1;1;2;;;;1;2;;1;;1;;1;7;;1;1;2;2;1;1;;;;;;;;;;2;;1;;;;;;;;2;;;1;;;;;;1;1;1;;;;;;;;
41273-6400;1;2;;;;3;;22;;;;1;2;;21;;1;1;;1;;;;1;1;1;1;1;;;1;;;;;;;;;;;;;;;;;;;;1;;;2;1;;;;;;;;;2;;;;;;1;1;1;;;;;;;;;;;1;1;;;;1;;;1;;;;;;;1;;;;;;;;;;;;;;2;;;;1;;;;;;;;;;;;;1;;1;1;1;1;1;;;1;1;1;;1;1;1;1;1;;;;;1;;;;;;;
31601-4917;;2;;3;;4;1;29;1;;;3;6;2;24;;10;12;1;;;;;;;;;;;;1;;2;;;;;;3;;;3;3;;;1;2;;;;1;;;2;;;3;;1;;;;;10;;1;1;;;2;2;;;;1;1;;;;2;2;;;;;1;;2;1;1;2;;1;1;;;;;;;1;;;1;1;1;;;1;1;;5;;;;2;1;1;;;1;1;1;1;1;;;;10;2;6;3;1;;8;4;1;1;6;5;3;3;3;1;1;;;1;;;;;;;;;;
36328-5061;;12;5;;3;1;;32;1;1;2;8;10;3;28;;8;22;1;;5;;;;;;;;;4;2;1;1;;;;4;4;;2;2;;;;;;5;2;1;;1;;;2;;;4;1;2;;;;;10;;2;1;1;1;2;2;1;;;1;;1;2;;;;;3;2;2;;1;2;;;7;1;;;;1;;;;1;;;;2;;;2;3;1;;1;11;;1;1;3;3;;;;2;2;5;4;1;;1;;7;1;2;1;;;3;1;;1;9;2;1;3;1;2;1;1;;;;;;2;;;;;;
31572-4448;;;1;;;;;10;1;;1;1;4;2;4;;;;;;1;;;;;;;;;;;;;;;;;;;;;;;;;;;;1;;;;;1;;;1;;1;;;2;1;1;;1;;;;;;;;;1;;;1;1;;;;;;;;;1;1;;1;1;;;;;;2;;;1;;1;;1;;;1;1;;;3;;1;;2;;;;;;;;;;;;;;;;;;;;;;;;;;;;;;;;;;;;;1;;;;;
44060-6590;1;10;1;;2;2;;21;;;2;3;5;1;19;;7;14;;1;2;2;;;;;;;1;;;;;1;1;;1;;;;;;;2;;;5;;;;1;;;1;;1;1;;;;;1;1;3;;1;;;;2;1;;;2;;;;;;1;1;1;;;;;;;;;1;;;;;;;1;;;1;;2;;1;;;;1;;;7;;1;;2;;;;;;;2;2;1;;;2;5;;3;;;;1;;;1;6;1;;;;;;;;;1;;;;2;;;;2;
44530-6402;;1;;;;;;1;;;;;;;4;;;;;;;;;;;;;;;;;;;;;;;;;;;;;;;;;;;;;;;;;;;;;;;;;1;;;;;;;;;;;;;;;;;;;;;;;;;;;;;;;;;;;;;;;;;;;1;;;;;1;;;;;;;;;;;;;;;;;;;;;;;;;;;;;;;;;;;;;;;;;;;;;;
35936-5489;;;;;4;4;;12;;;;1;1;;11;;1;1;;;1;;;;;;;;;;;;;;;;;;;1;1;;;2;;;;;;;2;;;;;;;;;;;;;5;;2;;;1;;;;;;;;;;;;;;;;;;1;;;;;;;;;;;;;;;;1;;;;;1;;;;4;;;;;;;;;;;1;1;;;;;1;1;;;;;1;1;1;;;;;;;;;;;;;;;1;;1;;;;
35908-5490;1;3;1;;;;;8;;;1;;3;;10;;1;1;;1;1;;;1;1;1;1;1;1;1;1;;;;;;1;;;;;;;;;;1;;;;;;;;;;;;;;;;;2;;1;;;;1;1;;;;;;;;;;;;;;;;;1;;;;;;;;;;;;;1;1;1;;;;;;1;;;4;;1;;1;;;;;;;;;;;;;1;;;;;;;;;;;;;;;;;;;;;;1;;1;;;;;
44389-6402;;8;5;;;1;2;32;2;1;;13;19;11;21;2;3;2;1;1;1;;;;;;;;;1;;;3;;;;5;1;;;;;;;;;1;;5;5;;;1;4;;1;5;;3;;1;8;5;7;;1;1;;;1;1;1;;;1;;1;2;;4;2;1;4;3;1;1;1;3;;;10;1;2;;;2;2;4;2;;;;;;9;2;;;;;;8;;;;5;3;1;;;;;;;;;1;;2;;1;1;;;1;;;;1;1;;1;1;;;;;;;;;;;;;;;
21894-4114;2;6;4;;10;1;;17;2;;;3;5;5;39;3;4;8;2;2;1;;1;1;;1;1;;;1;1;1;;1;1;1;3;1;;6;2;;;;;;1;;3;3;;;;1;;;;;;;;1;1;6;;3;1;1;;;;;;;2;;;;;;;;;;2;;;;;;2;;;;;;;1;1;3;;;1;3;3;1;;;1;;;8;;1;;4;2;1;1;1;1;1;1;1;;;;;4;;3;;;;3;2;1;;3;2;2;;;;;;;2;1;1;;;;;;;;
27587-4917;;1;;;;;;2;;;;;;;2;;;;;;;;;;;;;;;;;;1;;;;;;;;;;;;;;;;;;;;;;;;;;;;;;;;;;;;;;;;;;;;;;;;;;;;;;;;;;;;;;;;;;;;;;;;;;;;;;;;;;;;;;;;;;;;;;;;;;;;;;;;;;;;;;;;;;;;;;;;;;;;;
28101-5384;2;6;;;;;;9;;;;;1;;5;;;;;2;;;1;1;1;;;;1;;1;;;;;;;;;;;;;;;;3;;;;;;;2;;1;;;;;;;;3;;1;;;;;;;;;;;;;;;;;;;;;;1;;;;;;;;;;;;;;;;;;;1;;1;1;;2;1;;;;;;;;;;;;;;;;;;;;;;;;;;;;;;;;;;;;1;1;1;;;;;;;
40992-6400;;5;4;1;1;4;1;18;;;;4;7;3;12;2;4;3;2;;1;;;;;;;;1;2;;;2;;;;3;;1;;;1;1;;;1;1;;1;1;1;;1;;;;2;;;;;2;2;3;1;;;;;;;;;;;;;;;2;1;1;1;1;;;;;;;3;;1;;;;;;;1;2;1;1;;2;;;;2;;1;3;;;;;;;;;;;1;;;;;;3;;2;2;;;1;;;;2;1;;2;1;;;;;2;;;;;;1;;;;
29379-6895;;1;1;;5;1;;24;1;;1;;3;;16;;3;3;1;;7;1;;;;;;;;1;;;;;;;;1;;;;;;1;;;;;;;1;;;2;;;;;;;;;;6;;2;1;;;1;1;1;;;1;;;;;;;;;;;;;;;;;;;;;;;;;;;;1;;;;1;;;;;5;;;;2;;;;;;;;;;;;;3;1;1;1;;;1;1;;1;1;1;1;1;;;;;;1;;;;2;;;;;;
33680-5384;;3;2;4;;4;;21;;;;2;2;;17;;4;7;;;;;;;;;;;;;1;;;;;;1;;1;;;3;1;;;;2;;1;1;3;2;;3;;;1;;1;;;;;3;;1;1;1;;1;1;1;;;;;;;;1;;;;;;;;;;;2;;1;;;;;;;;;;;;;;;1;1;;1;2;;;;1;1;1;;;;;2;1;;;;;3;;1;;;;1;1;1;;4;1;1;2;;1;;;;;;;;;;;;;;
32030-5061;1;13;1;;17;5;;54;3;1;;9;16;;39;;13;21;1;1;9;;;1;1;1;1;1;1;;1;;1;;;;;;;3;2;;;1;2;;1;;1;;1;;;3;;1;8;1;4;1;;;;9;1;3;2;1;1;3;3;3;5;;2;1;1;5;2;2;2;1;;;;1;1;6;1;3;6;2;2;2;1;;;2;;;1;1;1;;;;1;2;2;1;1;14;1;1;;7;3;2;1;1;;;2;1;;;1;1;9;2;3;2;1;1;5;;;3;4;4;;3;3;1;1;1;1;1;;;1;4;;;;;;
40950-6030;3;10;1;1;1;4;5;48;2;3;7;34;23;8;24;1;5;13;1;3;10;3;1;2;2;;;;;1;1;;;;;;;1;;;;1;;1;1;3;2;1;;;;;4;9;2;;3;;1;1;1;2;1;6;;;;;;3;2;;4;1;2;1;3;4;1;9;5;4;5;4;;1;5;2;1;;18;1;7;4;3;1;1;2;2;2;;;;1;6;4;;2;;;;3;;;;;;;;;;;;;;;;;5;;1;1;;;2;;;2;4;2;;3;2;1;;1;;1;1;1;2;2;6;;1;1;;
22607-5384;1;5;;2;;1;;10;1;1;;6;5;;3;;;;;1;;;1;1;1;1;1;1;;;2;1;;1;1;1;;;1;;;1;1;;;;3;1;;;;;;;;;3;;1;;;;;1;1;;;;;;;;;;1;;1;2;;2;2;1;1;1;;;;1;;;3;1;1;1;1;1;1;1;;;;;;;;;1;;1;;1;;;;;;;;;;;;;;;;;;;;;;;;;;;;;;;;;;;;;;1;1;1;;;;;;;
31747-5061;1;11;;;;;;16;;;;;1;;15;;4;2;;1;;;1;;;;;;;;2;;1;1;1;1;;;;;;;;;;;4;;;;;;;;;;;;;;;;;6;;4;1;;;1;;;;;;;;;;;;;;;;;;;;;;;;;;;;;;;;;;;;;2;;1;;;9;2;1;;4;3;2;1;1;2;;3;;;;;3;;;;;;;;;;;2;;;2;;2;;2;2;;1;1;;;;;;;;
31759-4114;1;3;;;;1;;11;;;2;3;3;;23;;3;3;;1;3;;;1;1;1;1;1;1;;1;1;;;;;;;;;;;;;;;1;;;;;;;3;;1;;;;;;;;3;;1;;;;;;;1;;;;;1;1;1;1;1;;;;;;;;;1;;1;1;1;;;1;;;;;2;;;;;1;1;;;7;;;;1;1;;;;;;1;;;;;;3;;1;;;;;;;;1;;;;;;;;;;;;1;;2;;;;;
44113-6402;;;;;;1;;3;;1;;3;3;;1;;1;;;;;2;;;;;;;;;;;;;;;;;;;;;;;;;;;;;;;;;;;2;;1;;;;;1;;;;;;;;;;1;;;1;1;1;1;;;1;;;;;1;;;1;1;;;;;;;;;;;;;;;;;;;;;;;;;;;;;;;;;;;;;;;;;;;;;;;;;;;;;;;;;;;;;;;;;;
31805-6030;1;10;6;;14;3;;22;;;;1;8;;17;;6;7;1;1;;1;1;;;;;;1;1;3;;2;1;1;1;5;;;2;1;;;3;;;2;1;2;2;2;;;2;1;;2;1;1;;;;;8;1;4;3;1;;3;2;1;;1;;;;;;;;;1;1;;;;5;2;2;1;;;;;1;1;1;;;;;;;;;1;2;7;4;;8;;5;;7;4;2;2;1;2;2;3;3;2;2;2;1;5;;4;4;4;3;3;;;2;5;3;;5;3;4;3;3;1;1;1;1;;;;;;;;
27455-7297;2;17;13;;;;2;36;3;1;1;7;12;2;32;1;3;1;2;2;2;2;1;1;1;1;1;1;1;7;9;3;;1;1;1;10;2;;;;;;;;;8;3;4;3;;;2;11;4;2;5;2;2;;;;;16;;2;1;;;;;;1;;3;3;1;3;1;1;;;3;1;1;;;6;1;1;6;2;;;;3;1;;;2;;;1;1;2;2;2;;1;1;;7;;1;;3;1;1;;;;;;;;;1;;1;;1;;;;;;;;1;;;;;;;;;2;1;1;1;;1;1;;1;2;
31158-5384;1;5;2;1;6;8;;24;1;;;8;9;2;29;1;6;7;2;1;7;1;1;;;;;;1;;;;3;1;1;1;2;;1;4;1;1;1;2;1;;2;;1;1;4;1;;1;;;3;;1;1;1;;;3;1;;;;;1;1;1;;;1;1;;;;5;3;3;2;1;;2;;1;1;;5;;4;2;2;1;1;1;1;;2;1;;1;1;1;;1;5;;;6;;3;;1;;;;;1;1;2;2;1;;;;6;2;5;2;2;2;3;;;1;5;2;;2;1;2;1;2;1;1;1;1;;;;;5;1;1;
27002-5489;;;1;;3;2;1;8;;;;2;3;;2;1;;;;;1;;;;;;;;;;;;;;;;;;;;;;;2;;1;;;1;;;;1;1;;;2;;2;;;;;;;;;;;;;;;;;;;1;;;;;2;;;;;1;;;2;1;;;;2;;;;;;;;;;;;;;;;;;;;;;;;;;;;;;;;;;;;;;;;;;;;;;;;;;;;;;;;;;;1;;;
41292-6895;;;;;;1;;4;;;;;1;;7;;;;;;1;;;;;;;;;;;;;;;;;;;;;;;;;;;;;;1;;;;;;1;;;;;;;2;;1;;;;;;;;;;;;;;;;;;;;;;;;;;;;;;;;;;;1;;;;;;;;1;;;1;;;;;;;;;;;;;;;;;;;;;;;;;;;;;;;;;;;;;;;;;;;;;;
39904-6030;1;9;2;;14;5;5;66;;;;5;10;6;24;3;4;4;;1;18;11;1;;;;;;1;1;6;1;;1;1;1;1;2;;;;;;1;3;3;7;3;1;1;;;2;7;;;4;;1;;;3;1;14;1;5;4;2;;;;;6;9;;;;2;;1;;;2;1;;;;5;;2;3;;;;;2;1;1;;;1;1;;3;3;1;;3;4;3;1;12;;2;1;10;6;3;3;;3;3;3;3;2;2;1;;4;;3;3;2;2;3;1;1;;3;3;1;3;3;2;2;2;1;;1;1;;9;;1;3;8;1;
16014-5799;;3;3;;;;;8;;;;1;1;2;7;1;;;2;;1;;;;;;;;;1;2;2;;;;;3;1;;;;;;;;;1;1;3;3;;;;1;1;;;;;;;1;1;4;;1;1;1;;;;;;;;;;;;;;;;;1;;;;;;1;;;;;;;;;;;;1;;1;1;1;;;;;1;1;;;1;1;1;;;;;;;;;;;;;;;;;;;;;;;;;;;;;;;;;;1;;;;;;
40890-6400;1;2;;;3;2;;41;1;5;1;23;19;;32;;4;6;;1;3;;;1;1;1;1;1;1;;1;1;;;;;;;;1;;;;1;1;;1;;;;1;;;1;;;11;1;7;1;;;;18;1;6;2;;;;;;;;1;;5;7;1;3;1;;2;1;;1;2;1;;1;14;4;2;;;1;;;;;1;1;1;;;;;2;4;;3;14;;3;2;7;2;1;1;1;2;2;4;3;1;1;;1;3;1;1;1;1;;2;2;1;;1;1;1;1;1;1;1;;;;;;1;;1;1;1;;;
28256-5061;;;;;4;1;;5;1;;;3;3;;4;;;;;;;;;;;;;;;;;;;;;;;;;3;1;;;1;;;;;;;;;;;;;1;;1;1;;;;1;1;;;;;;;;;;1;1;;;;2;1;1;;;;1;;2;1;1;3;;2;1;1;;;1;1;;;;;;;;;;1;;1;;;;;;;;;;;;;;;;;;;;;;;;;;;;;;;;;;;;;;;;;;;;;;;
30609-5061;;3;1;;;;;4;;;;;;;5;;;;;;;;;;;;;;1;1;1;;1;;;;1;;;;;;;;;;1;;;;;;;1;;;;;;;;;;1;;;;;;;;;;;;;;;;;;;;;;;;;;;;;;;;;;;;;;;;;;;1;;;;;1;;;;;;;;;;;;;;;;;;;;;;;;;;;;;;;;;;;;;;;;;;;;;;
17491-5799;1;3;2;;;;;9;;;;;3;;8;;;;;1;;;1;;;;;;;1;1;;;;;;1;;;;;;;;;;1;;;;;;;;;;2;;;;;;;3;;1;;;;;;;;;;;;;;;;;;;;;;1;;1;;;;;;;;1;;;1;;;;;;;1;;;;2;;;;1;;;;;;;;;;;;;;;;;;;;;;;;;;;;;;;;;1;1;;;;;;;;
36383-5490;;2;1;1;17;3;;23;;;;7;5;1;17;;1;1;;;3;;;;;;;;;;;;1;;;;;1;1;1;;1;1;;;;2;;1;;3;1;;;;;;;;;;;;9;;3;2;1;;;;;;;;;;1;;3;2;1;1;1;1;;;;;;5;;1;1;1;1;1;;;;;;;;1;1;;;;;;4;;;;2;1;1;1;;1;1;1;1;1;1;;;1;;1;1;1;;;;;;1;;;1;;1;;;;;;;;1;;;2;;;
35962-6895;2;4;;2;;1;;16;;;;1;1;;6;;1;1;;2;;;1;1;1;;;;;;3;;;1;1;1;;;1;;;1;1;;;;1;1;;;;;;5;1;;1;;1;;;;;5;;;;;;;;;;;;;;1;1;;;;;;;;;;;;1;1;;;;;;;;;;;;;;;2;;;;;;;;;;;;;;;;;;;;;;1;;1;1;1;;1;1;;;1;1;1;1;1;1;1;;;;1;1;1;;;;;;;
24407-6030;3;13;3;;2;6;6;22;;;;5;6;1;17;1;4;16;;3;4;2;2;3;3;2;2;2;1;1;1;1;1;1;1;1;2;;;1;;;;;1;6;2;1;1;;;;4;;;;3;1;1;;;;;6;;3;;;;1;1;;;;;;;1;1;1;;;1;;;;;1;;;3;1;1;;;;;1;;;;;;;1;1;1;1;;;;6;;;;1;;;;;1;1;1;1;;;;;4;;1;;;;3;1;1;;4;1;1;1;1;1;1;1;1;;2;2;3;;;;2;1;1;
40647-6400;1;2;1;;;3;;31;1;;;5;6;;34;1;9;16;1;1;4;;;1;1;1;1;1;;;1;1;;;;;;1;;;;;;;;;1;;1;;2;;;1;;;1;;;;;;;8;1;3;1;;1;2;2;;;;1;1;;;;2;1;;;;;;2;1;;1;2;;;;;;;;;;1;1;1;;;;2;2;2;;1;12;;;;4;2;1;1;1;;;4;2;1;;1;2;7;1;3;2;1;1;3;;;;6;1;;2;1;1;1;1;;1;;;1;;;1;;;;
35754-5489;;1;;;;4;;28;1;;;2;5;;14;;2;7;;;7;2;;;;;;;;;;;;;;;;;;;;;;;1;;1;;;;4;;;2;1;;1;;1;;;;;5;;1;1;1;;;;;;;1;;;;;;;;;;;;1;;;;2;;;;;;;;;;;;;;;;;;;;;1;;;;1;1;1;1;1;;;;;;;;;2;;;;;;;;;;;;;;;;;;;;;;;1;;;;2;;
30588-5490;;;;;;;;3;;;;;;;3;;;;;;;;;;;;;;;;;;;;;;;;;;;;;;;;;;;;;;;;;;;;;;;;;2;;1;1;;;;;;;;;;;;;;;;;;;;;;;;;;;;;;;;;;;;;;;;;;;;;2;;;;1;;;;;;;;;;;;;;;;;;;;;;;;;;;;;;;;;;;;;;;;;;
41123-6400;;;;;;;;14;;;;5;1;1;9;3;4;2;1;;1;;;;;;;;;;;;;;;;;;;;;;;;;;;;;;;;;;;;;;;;;1;;5;;3;2;2;;1;1;1;;;;;;;;1;;;1;1;;;;;;;1;;;;;1;1;1;1;;;;;;;;;3;;;;5;;;;3;2;2;2;1;2;1;2;1;;;;1;2;;1;1;1;;;;;;1;;;1;;1;;;;1;;;;;;;;;;
22279-4114;1;6;5;;;;1;12;1;;;3;3;5;2;;;;;1;;;1;;;;;;;;;;;1;1;1;3;1;;;;;;;;;1;;5;3;;;1;1;;;1;;1;;;3;1;;;;;;;;;;;;1;;;2;;;;;2;1;1;;;;;;3;2;;;;2;1;;;;;;;;3;3;1;;;;;1;1;;;;;;;;;;;;;;;;;;;;;;;;;;;;;;;;;;;;1;1;;;;;;;;
41483-6590;;6;;3;13;6;;72;;;2;15;24;;22;;12;12;2;;9;1;;;;;;;;;4;;1;;;;;;2;1;1;3;2;1;;;3;2;;;3;2;;7;5;1;20;;10;4;2;;;13;2;6;4;2;1;4;3;1;;;;;;3;;6;2;;2;2;;;2;2;;1;14;2;6;2;;2;2;2;1;;3;2;1;;;;1;2;3;1;1;11;1;1;;6;4;2;1;1;4;3;6;6;4;3;;3;11;1;7;5;3;1;4;2;1;;7;3;2;5;2;3;;1;1;1;;;;1;2;;7;;;
17228-6401;1;4;;;;;;13;1;2;;9;6;;9;;3;3;;1;;;;1;1;1;1;1;;;2;1;;;;;;;;;;;;;;;;;;;;;;1;;;4;;4;2;;;;5;;3;3;1;;3;3;1;;;1;1;2;1;;3;2;1;1;1;;3;;1;;1;6;1;3;2;1;;;;;;;;;;;;2;;1;;1;4;2;;;3;1;;;;1;1;2;2;;;;1;3;2;1;1;1;1;2;1;1;2;1;1;1;1;1;1;1;1;;;;;1;;;;;;;
27482-5799;1;1;;;;;;6;;;;;2;;3;;;;;1;;1;1;;;;;;;;1;;;1;1;1;;;;;;;;;;;1;;;;;;;;;;2;;;;1;;;1;;;;;;;;;;1;;;;;;;;;;;;;;;;;;;;;;;;1;;;2;2;;;;;;;;;;2;;;;;;;;;;;;;;;;;;;;;;;;;;;;;;;;;;;;;1;1;;;;;;;1;
36699-4917;;1;1;;;5;3;13;1;;1;4;9;2;16;;4;3;2;;1;2;;;;;;;;;;;;;;;;;;;;;;;2;3;;;;;;;2;;;;2;;;;;;;5;;3;;;;;;;1;1;1;;;;;3;2;1;;;;;;;;;4;;3;2;1;;;;;;2;1;;;2;2;;1;2;;1;6;;1;1;3;1;1;;;;;;;;;;;3;;1;1;1;1;;;;;1;;;1;;1;;1;1;1;;;;;1;;;;1;
40217-6030;1;9;1;;1;1;;17;;;;;1;;17;;5;6;1;1;3;;1;;;;;;1;1;3;2;1;;;;1;;;1;;;;1;;;3;;;;;;;4;2;1;;;;;;;;8;;3;1;;;1;1;1;2;;;;;;;;;;;;;;;;;;;;;;;;;;;;;;;;;;1;;1;;;6;;;;4;1;;;;1;1;2;1;1;1;;1;4;;3;3;3;2;1;1;;;5;1;1;5;1;4;1;2;1;;1;1;;3;;;1;;;
31410-6400;1;3;;1;;1;;14;;;;2;4;;7;;1;1;;1;1;1;;1;1;;;;;;1;1;;;;;;;1;;;1;1;;;;1;;;;1;1;;1;;;2;1;1;;;;;3;;2;2;2;;1;1;;;1;;;;1;;1;;;;;;;;2;;;1;1;;;;;;;;;1;1;;;;;1;;1;;;4;;;;3;3;2;1;1;;;;;;;;;1;;1;1;1;1;1;;;1;1;1;;1;1;1;1;1;;;;;1;;;;;1;1;
41314-6401;1;8;1;;10;3;;46;;;;6;7;;26;;9;16;;1;17;7;;1;1;1;1;;1;;;;;;;;;;;;;;;2;;;5;;;;2;;;;;;1;;;;;;;15;1;2;;;1;3;2;1;6;1;;;;;;2;1;1;;;;1;2;;;;4;;;;;;;;;;1;;;;;;;;2;;1;5;;;;1;1;;;;;;1;1;;;;;9;1;2;;;;3;;;1;3;;;;;;;;;;;;1;2;;;8;7;3;
18444-4114;1;2;2;;;;;8;1;;;3;2;;8;;1;2;;1;1;;1;;;;;;;;;;;1;1;1;;1;;;;;;;;;2;;1;;;;;1;;;1;;;;1;;;3;;1;;;;;;;;;1;;;;;1;1;1;1;;;;1;1;1;;2;;1;1;1;1;;1;;;1;1;;;;;;1;;;;3;;;;1;;;;;;;;;;;;;1;;;;;;;;;;;;;;;;;;;;1;1;;;;1;;;;
40165-5799;1;11;7;7;15;10;;57;1;4;2;11;21;7;49;;11;15;2;1;15;6;;1;1;1;1;1;4;1;1;;2;;;;5;;5;9;4;5;5;;1;;2;;1;1;3;1;;4;;1;6;1;;;1;2;1;14;2;3;;;;1;;;3;2;1;;4;1;;3;2;;3;1;;1;;4;;2;4;;1;1;;1;;4;1;2;4;2;5;1;4;;3;;3;1;;16;1;;;9;4;1;1;1;4;2;6;3;1;;2;;8;;5;1;;;3;;;;8;2;;2;;;;;;1;;;1;3;1;2;3;4;5;
38994-5384;1;4;1;;22;3;1;22;1;1;2;5;10;3;8;;1;;;1;5;1;;1;;;;;1;1;;;;;;;1;;;13;6;;;2;1;;2;;;;2;;;2;;;7;2;2;1;1;;;6;1;1;;;;;;;1;;1;;1;1;;1;1;;3;1;1;;2;6;1;4;5;1;1;1;;2;;2;1;3;;;2;2;2;;;;1;1;1;2;;;;;;;;;;;1;;;;;;;;;;;;;;;;;;;;;;;;;;1;;;1;2;;;;;
41179-7114;;4;1;2;1;4;;18;;;;;3;;6;;2;2;;;2;1;;;;;;;;;;;;;;;1;;2;;;2;2;;;;3;;1;1;3;1;;5;1;;1;;;;;;;3;1;1;;;;;;;1;1;;;;;;;;;;;;;;;;;;;;;;;;;;;1;;;;;;;;1;;;2;;;;;;;;;;;;;;;;;2;;2;1;1;1;1;;;;2;1;;1;;1;;1;1;;;;;1;;;1;1;;
39095-6400;1;3;;1;;1;;28;;;;9;14;;20;;1;4;;1;1;;;1;1;1;1;1;1;;1;1;;;;;;;1;;;1;1;;;;2;1;;;1;1;;5;;1;7;2;4;;;;;9;;5;;;;;;;;;;;;1;;;;;;;;;1;4;;2;8;;;;;;;;;;;;;;;;1;;2;1;;8;;2;;1;;;;;;;;;;;;;1;;;;;;;;;;1;;;;;;;;;;;;1;;;1;;;;
35962-6401;2;6;;1;;2;;15;;;;8;7;1;9;1;2;;;2;;1;1;1;1;;;;;;1;;;1;1;1;;;1;;;1;1;;1;;3;;;;1;;;1;1;;2;;2;;;;;6;;2;1;1;;;;;;1;;;;1;;;;;4;4;1;;;;;;7;;;;;4;4;;;;;;;1;;;2;;;;;2;1;;;1;1;;;;;;2;;;;;1;;;;;;;;;;;;;;;;;;;;;1;1;1;;;;;;;
30588-6590;;;;;;;;1;;;;;1;;;;;;;;;;;;;;;;;;;;;;;;;;;;;;;;;;;;;;;;;;;;1;;;;;;;;;;;;;;;;;;;;;;;;;;;;;;;;;;;;;;;;;;;;;;;;;;;;;;;;;;;;;;;;;;;;;;;;;;;;;;;;;;;;;;;;;;;;;;;;;;;;;
31311-5489;1;5;;4;;3;;14;1;;;2;10;;10;;3;2;;1;;;;1;1;;;;2;;;;2;;;;;;3;;;2;2;;;;1;;;;2;1;;;;;5;;2;;;;;3;;2;;;;;;;;;1;;;;;;;;;;;;;;;;2;;;;;;;;;;;;;;;;;;;;;3;;;;;;;;;1;1;2;1;1;;;;2;;2;;;;1;;;;2;1;;;;;;;;;;;1;;;;;;;
40067-6400;;1;;;;3;;15;1;;;3;5;;15;;3;12;;;;;;;;;;;;;;;1;;;;;;;;;;;;1;;;;;;2;;;;;;1;;1;1;;;;5;;1;;;;1;1;;;;1;1;;2;1;1;;;;;;;;3;1;;3;1;1;;;;;;;;1;1;;;;;1;;2;1;1;4;1;1;1;1;;;;;;;;;;;;;3;;2;;;;;;;;9;;;2;;2;;1;;;;;;;;;;;;
36089-5384;;3;;;;;;14;1;;3;;4;;17;;1;3;;;3;;;;;;;;;;1;1;;;;;;;;;;;;;;;;;;;;;;1;;;3;1;;;;;;7;;2;;;;;;;;;1;1;;;;;;;;;;;;2;2;;;;;;;;;;;;;;1;;;;1;1;;;;4;;;;;;;;;;;;;;;;;1;;1;;;;;;;;3;;;;;;;;;;;;;;3;;;;;
27482-4917;1;3;;1;;1;;12;;;;1;1;;4;;;;;1;;1;;;;;;;;;1;;1;1;1;;;;1;;;1;1;;;;2;;;;;;;1;1;;1;;1;1;;;;;;;;;;;;;;1;;;;;;1;1;1;1;1;;;;;;;1;;1;1;1;1;;;;;1;1;;;;;;;1;;;2;;1;;1;;;;;;;;;;;;;;;;;;;;;;;;;;;;;;;;;1;;;;;;;;1;
32035-5799;1;2;;;25;2;;19;;;;;;;8;;;;;1;1;;;1;1;;;;;;;;;;;;;;;5;1;;;2;;;1;;;;2;;;1;;;;;;;;;;6;;4;4;3;;;;;1;;;;;;;;;;;;;;;;;;;;;;;;;;;;;;;;;;;1;;;;4;;;;4;3;2;2;2;;;;;;;;;;;;;;;;;;;;;;;;;;;;;;;1;;;;;;;
40061-6400;1;3;1;1;;2;;42;;;;18;14;;33;;11;11;2;1;;;1;;;;;;;;;;;1;1;1;;;1;;;;;;;;1;;;;1;;;2;;1;4;;3;1;;;;13;1;2;;;1;3;1;1;;;;;;1;1;8;4;1;2;1;;1;;;;;10;;2;1;1;1;;;;;2;;;;;;1;2;2;;2;8;;1;1;2;;;;;;;4;2;1;1;2;1;6;;3;3;2;1;2;;;2;5;2;;4;2;2;1;1;;1;1;1;;;;;;;;
36139-5384;1;7;;3;;3;;28;;;;18;18;;15;;4;5;2;1;7;;;1;1;1;1;1;;;1;;;;;;;;3;;;3;3;;;;2;;;;1;1;;;;;7;;4;2;;;;2;1;;;;1;2;2;1;1;;;;;2;;7;3;1;2;1;;1;;;;;10;;3;2;;1;1;4;3;;2;;;;;;1;;3;;2;4;1;2;2;;;;;;;;1;1;;;;1;3;;2;1;1;;2;1;;2;3;2;1;1;1;1;1;;;;;;1;1;;;;;;
40086-6401;1;6;2;4;;3;;33;;;;24;19;;24;;5;7;1;1;1;;;1;1;1;1;1;;;;;1;;;;2;;4;;;3;3;;;;2;;1;1;1;1;;2;1;1;7;;4;;;;;8;;1;;;1;1;1;;;;;;;1;;12;8;3;2;1;;1;;;;;11;;5;3;1;;;1;1;;1;;1;;;;;;2;;1;6;;1;;2;;;;;;;2;;;;;;3;;;;;;1;;;;1;1;;;;;;;;;;;1;;;;;;;
33457-5490;2;3;8;4;;4;2;45;;;;1;2;1;29;3;4;8;;2;3;1;1;1;1;1;1;1;;2;;;;1;1;1;;5;3;;;3;3;;1;1;1;;6;;2;1;1;6;;;;;;;;1;1;8;;1;;;;1;;;;;;;;;;1;1;1;;;;;;;;;1;;1;1;1;;;1;;;1;;;;1;1;;3;1;;;9;;1;;4;3;2;1;1;;;1;;;;1;1;2;;1;1;;;;;;;1;;;1;;;;;;;1;1;1;;;;;1;1;
27630-6895;1;1;;;;;;8;;;;3;3;;5;;1;1;;1;;;;1;1;1;1;1;;;1;1;;;;;;;;;;;;;;;;;;;;;;1;;;1;;1;;;;;4;;2;1;;;1;1;1;;;;;;;;;;;;;;1;;;;;3;;;;;;;;;;;;;;;;;;1;;1;3;;1;1;1;;;;;;;;;;;;;1;;1;;;;1;1;1;;1;1;1;;;;;;;;;;1;;;;;;;
41132-6400;1;4;7;;4;2;;41;;;;4;6;3;38;5;4;3;3;1;4;1;1;;;;;;1;1;2;2;;1;1;1;1;4;;1;1;;;1;;;;;4;1;2;;;3;;;2;2;;;;3;3;14;1;;;;;1;;;;;;;;1;;;;;1;;1;;;2;;2;3;1;;;;1;;;;1;;;3;;3;2;;;1;1;1;3;;;;;;;;;1;;2;;;;2;;1;;;;;;;;;;;;;;;;;;;;1;1;;;;2;;1;;
44196-6400;2;7;5;;4;3;;19;;;1;4;9;4;18;;1;3;;2;2;2;1;1;1;1;1;1;;4;1;;;1;1;1;;5;;;;;;;;;4;;;;2;;;2;1;2;4;1;1;;;1;1;8;1;2;;;;1;1;1;;1;;;;1;;;;;;;1;;;2;1;;3;;;;;;;;;3;;;1;1;1;;2;;2;1;;4;;;;;;;;;;;;;;;;;1;1;1;;;;2;;;1;3;1;;1;1;;;;;;1;1;1;;1;;;;;
27630-4114;1;3;;;;;;16;1;;;4;5;;13;;2;2;1;1;;3;;1;1;1;1;1;1;;2;1;;;;;;;;;;;;;;;1;;;;;;;;;;1;;1;1;;;;7;1;3;1;;;1;1;1;;2;1;1;;;;2;2;;2;2;;;;2;;1;4;;2;2;;2;2;;;;;;;;;;;;2;;2;7;;1;1;3;2;1;1;;1;;1;;;;2;;1;;1;1;1;1;;;;;1;;;1;;1;;1;1;1;;;1;;;;;;2;
44006-6895;1;3;;;;1;;12;;;;4;7;;13;;3;1;1;1;2;;;1;1;;;;;;1;;;;;;;;;;;;;;;;1;;;;;;;;;;1;;;;;;;3;;2;1;1;;;;;;;;;;;;1;;;;;;;;1;;;2;;1;;;;;1;;;1;;2;;;;;;;;;4;;;;1;1;;;;1;;1;;;;;2;1;;1;;;;;;;;1;;;;;;;;;1;;;1;;;2;;;;
36306-5490;1;2;2;;;;;12;1;;1;4;3;;9;;;;;1;7;4;1;;;;;;1;;;;;1;1;1;;;;;;;;;;;1;;1;;;;;;;;1;;1;1;;;;4;;1;;;;;;;;3;1;;;;;2;1;1;1;1;;2;;;;;2;;2;1;1;;;1;1;;1;1;;;;;;;1;;;1;;1;;;;;;;;;;;;;;;;;;;;;;;;;;;;;;;;;;;1;1;;1;1;;;4;1;
36914-5490;;;;2;;4;;23;;;;10;10;;36;;4;4;;;2;2;;;;;;;;;;;;;;;;;2;;;2;2;;2;;;;;;1;1;;;;;4;1;3;;;;;7;;2;;;;2;2;;;1;;;;2;1;;;;2;2;;2;;1;1;;8;;;;;1;1;;;;;;1;;;;;;2;;1;17;;2;1;5;3;2;2;2;1;1;1;1;;;1;;4;;;;;;;;;;;;;;;;;;;;;;;;;1;1;1;2;
