aluno;1>;2>;3>;5>;6>;7>;8>;14>;16>;17>;29>;30>;31>;32>;41>;43>;44>;45>;46>;48>;49>;1>2>;1>46>;1>46>2>;2>1>;2>1>46>;2>1>46>2>;2>2>;2>14>;2>41>;2>46>;2>46>1>;2>46>1>2>;3>2>;5>5>;6>6>;6>6>6>;6>6>6>6>;7>5>;7>5>5>;7>6>;7>14>;14>2>;14>2>14>;14>3>;14>7>;14>7>5>;14>7>5>5>;14>14>;14>14>41>;14>31>;14>31>14>;14>31>30>;14>31>30>14>;14>31>30>30>;14>31>30>30>30>;14>31>30>31>;14>31>30>31>30>;14>31>31>;14>31>41>;14>32>;14>41>;14>41>31>;14>41>41>;14>41>41>41>;14>41>41>41>41>;14>41>43>;14>43>;14>43>44>;14>43>44>44>;14>43>44>44>44>;14>48>;14>49>;14>49>49>;16>31>;17>30>;30>14>;30>14>31>;30>14>31>30>;30>14>41>;30>30>;30>30>14>;30>30>30>;30>30>30>30>;30>30>30>30>30>;30>30>30>30>30>30>;30>31>;30>31>30>;30>31>30>31>;30>31>30>31>30>;30>41>;30>48>;31>14>;31>14>31>;31>14>41>;31>30>;31>30>14>;31>30>14>31>;31>30>30>;31>30>30>30>;31>30>30>30>30>;31>30>30>30>30>30>;31>30>31>;31>30>31>30>;31>30>31>30>31>;31>31>;31>31>30>;31>41>;31>41>41>;31>48>;32>31>;32>31>30>;41>2>;41>14>;41>31>;41>31>30>;41>41>;41>41>31>;41>41>41>;41>41>41>31>;41>41>41>41>;41>41>41>41>41>;41>41>41>41>41>41>;41>41>43>;41>41>43>44>;41>43>;41>43>44>;41>43>44>44>;43>41>;43>44>;43>44>14>;43>44>44>;43>44>44>44>;43>44>44>44>44>;43>44>44>44>44>44>;44>14>;44>14>41>;44>14>43>;44>14>43>44>;44>44>;44>44>14>;44>44>14>41>;44>44>44>;44>44>44>14>;44>44>44>44>;44>44>44>44>14>;44>44>44>44>44>;45>43>;46>1>;46>1>2>;46>2>;48>14>;48>29>;48>30>;48>48>;49>48>;49>49>;
30996-4435;1;4;;3;13;6;;16;1;;;7;11;;19;7;10;;1;1;1;;1;1;;;;;;;;;;;2;6;;;3;2;;1;1;;;1;1;1;;;5;;2;;;;;;1;1;;2;;2;;;;;;;;;;;1;;;;;;3;;1;1;;;;;;;2;;1;;;5;;;2;;;;;;;1;;2;;;;;;;1;;10;1;1;;;;;1;1;1;1;;;6;;4;2;;;2;1;;;4;1;1;2;1;;;;;;;1;;;;;;;
31746-4434;1;9;;;;;;29;1;;;3;5;;48;6;11;;1;;;1;;;;;;;6;;;;;;;;;;;;;;3;3;;;;;5;2;1;;1;1;;;;;;;;14;;3;1;;;3;3;1;;;;;1;;3;1;;;;;;;;;;;;;;;2;;2;2;2;1;;;;;;;;1;1;;;;;;2;;;;7;;2;;;;;;;;;;;5;2;2;;;;2;2;1;1;3;;;;;;;;;1;1;;;;;;;;
35950-6590;1;4;;;;;;29;1;1;;4;5;;10;2;7;;1;;;;1;1;1;1;1;;;1;;;;;;;;;;;;;2;;;;;;1;1;1;;;;;;;;;;;2;;2;1;1;;;;;;;;;1;1;1;1;;;;;;;;;;;;;;;1;;;;;;;;;;;;;;;;;;;;;;;;5;;3;;1;1;1;;;1;1;1;;1;;1;1;1;1;1;;;;1;1;;1;1;1;1;1;;;;1;;;;;;;
41365-7297;1;4;;;;1;;13;;;;4;4;;5;2;4;;1;;;1;;;;;;1;;;;;;;;;;;;;;;1;;;1;;;1;;;;;;;;;;;;;3;;;;;1;1;;;;;;;;;2;;;1;2;1;;;;;;;;;;;;;;4;1;;2;;;;;;;;;;;;;;;;1;1;1;1;1;1;1;1;1;;;1;;;1;1;;1;;;;1;1;;;1;;;;;;;;;1;1;;;;;;;;
27129-7297;1;6;1;1;;1;;20;1;;;8;8;;8;;;;1;1;3;;1;1;1;1;1;1;2;2;;;;;1;;;;1;1;;;6;1;1;1;1;1;2;1;5;1;3;;;;;;1;;;4;;2;2;2;;;;;;;2;2;1;;2;;;;1;1;1;;;;;;;;;;2;;;7;1;;1;1;;;;;;1;1;;;;;;;2;1;;3;;3;;2;2;1;;;;;;;;;;;;;;;;;;;;;;;;;;;;1;1;;;;1;3;
28835-4435;1;6;;;;;;11;;;;3;4;;2;;;;1;;;;1;1;;;;;;;;;;;;;;;;;;;4;;;;;;2;;1;;1;;;;;;;;;;;;;;;;;;;;;;;;;;;;1;;1;1;;;1;1;;;;;;;;3;;;1;1;1;;1;1;;;;;;;;;;;1;;;;;;;;;;;;;;;;;;;;;;;;;;;;;;;;;;;;1;;;;;;;
30696-4435;1;3;;;;;;14;;;;1;1;;8;2;10;;1;1;;;1;;;;;;;;;;;;;;;;;;;;1;;;;;;;;;;;;;;;;;;;2;;1;;;;2;2;1;;;;;;;;;;;;;;;;;;;;;;1;;;;1;;;;;;;;;;;;;;;;;;;1;1;3;1;;;;;;;;;;;;2;;1;;;;;;;;3;;;1;;;;;;;;;;;;;;;
40640-6402;1;2;;1;;1;;17;;;;10;5;;20;11;28;1;1;;;;1;1;;;;;1;;;;;;1;;;;;;;;1;;;1;;;1;;;;;;;;;;;;;7;;1;1;;;2;2;2;1;;;;;;;;;;2;;1;1;1;1;2;1;;;;;;;;2;;;2;1;1;1;;;;;;;;;;;;;;;6;;4;;;;;4;3;4;3;1;2;11;;6;2;1;;3;2;;;11;2;2;5;1;3;1;1;;;;1;;;;;;;
29011-4114;1;6;5;1;;2;;32;1;;;7;9;1;40;16;20;1;1;2;3;;1;1;;;;;1;1;;;;1;1;;;;1;1;;;;;4;;;;1;1;2;;1;;1;;;;;;;13;;5;1;1;2;6;6;1;1;;1;;1;;3;;;1;4;3;1;1;;;;;;;2;;;;;6;;;3;1;1;;;;;1;1;;;2;;;3;1;2;1;17;1;9;1;4;2;1;3;1;6;3;;1;12;2;2;2;1;;3;2;1;1;3;2;2;3;2;1;1;;1;;;1;;;2;;;1;
31077-4434;1;5;;2;6;6;;30;;;;3;7;;16;3;3;;1;;1;;1;1;1;1;1;;1;1;;;;;2;2;1;1;2;2;1;1;4;;;2;1;1;1;;5;;1;;;;;;2;1;;7;;1;;;2;1;1;1;;;1;1;;;1;;;1;1;;1;1;1;;;;;;;;;;;3;1;;1;1;1;1;;;;2;2;2;;;;;1;1;;;2;;;;;;;1;1;3;3;;;3;2;1;;;;3;1;;;1;1;;;;;;;;;;1;;;;;;1;
44049-6590;1;5;;1;;3;;47;;1;;10;11;2;9;;;;1;2;;1;;;;;;;2;;1;1;1;;1;;;;1;1;;;3;;;2;1;1;4;1;7;1;4;2;1;1;1;1;;;1;7;;3;1;1;;;;;;;;;;1;6;1;1;1;2;;1;;;;2;2;1;1;;1;2;1;;8;5;1;1;1;;;2;2;1;;;;;;1;1;;;2;1;3;1;1;;1;;;;;;;;;;;;;;;;;;;;;;;;;;;;1;1;;1;;1;1;;;
21169-6402;;1;;;;;;8;;;;;;;10;5;16;;;;;;;;;;;;;1;;;;;;;;;;;;;1;;;;;;;;;;;;;;;;;;;4;;1;;;1;1;1;;;;;;;;;;;;;;;;;;;;;;;;;;;;;;;;;;;;;;;;;;;;;;;;2;;;;;;;1;1;2;2;1;;4;;1;;;;1;1;;;3;;;1;;;;;;;;;;;;;;;
40270-6401;2;18;1;1;8;2;;49;;;;7;7;;28;4;10;1;2;2;1;2;;;;;;;2;1;1;1;1;;1;2;;;1;1;1;;11;2;;1;;;5;2;3;;1;;;;;;;;;15;;6;1;1;1;;;;;1;;;;;1;;;;4;1;1;1;;;;;;;;;;;;4;;;3;;;;;;;;;;;1;;;1;;2;2;7;;1;;1;1;1;;;1;1;;;4;;2;1;1;1;3;1;;;3;2;1;1;1;1;1;1;1;2;2;;;;;;;;
27532-4114;1;1;;;;;;14;;1;1;4;3;;11;3;4;;1;5;5;;1;1;1;1;1;1;1;;;;;;;;;;;;;;1;;;;;;1;;2;1;1;;;;;;;;;5;;2;;;;2;2;;;;1;;;1;;;;;1;;;;;;1;;;;1;1;1;;;2;;;1;;;;1;;;;;;;1;;;;;1;1;3;;;;;;;;;;;;;3;;1;1;1;;2;;2;2;3;2;;2;1;2;1;1;;;;1;1;1;;1;4;1;
41281-6401;1;4;;7;;7;;66;5;7;3;41;50;3;14;11;11;;1;24;12;;1;1;1;1;1;;1;;;;;;6;;;;5;5;;1;1;;;4;2;2;2;;34;3;24;;3;3;7;5;1;;1;10;2;4;2;1;1;6;5;1;;;9;3;5;7;8;4;4;1;9;1;6;3;1;1;16;8;4;4;;6;11;5;4;30;3;2;5;5;3;1;11;7;4;2;;;;8;2;2;1;;5;3;7;3;3;2;2;2;2;3;3;4;4;2;1;10;;3;2;1;1;3;1;1;1;4;2;1;2;1;1;1;1;;;;1;5;3;1;3;9;3;
31136-5799;1;3;1;7;7;5;;56;;1;;11;29;;55;10;20;;1;3;4;1;;;;;;;;;1;1;1;;4;3;1;1;4;3;1;;;;;;;;1;;17;1;5;1;;;3;;1;4;;15;1;3;2;2;1;6;5;4;2;1;3;3;;1;4;1;1;;1;1;;;;;4;1;;;;;3;;1;9;2;1;1;;;;4;1;;2;;6;1;;;;2;;3;;8;;4;;4;;;1;1;5;4;3;;9;1;7;3;2;1;4;3;2;2;16;4;3;7;2;5;1;1;;1;1;;1;;;1;2;4;
39383-6401;1;10;;3;;7;;25;;1;;31;14;1;28;6;7;;1;;;1;;;;;;;;1;1;1;1;;3;;;;3;3;;;3;;;2;1;1;1;1;3;;2;;2;1;;;;;;9;1;2;2;;1;;;;;;;;;1;;;;;26;;23;18;14;9;4;2;;;;;1;;;11;;;10;8;6;3;1;;;1;;1;1;;;;1;;3;2;7;;3;;;;;;;2;1;1;;5;;3;2;1;1;2;1;;;3;1;;2;;1;;1;;1;1;;;;;;;;
31743-6030;2;3;1;;3;2;;9;1;;;2;4;;1;;;;2;2;;;2;2;2;2;2;1;2;;;;;1;;;;;;;;;2;;;;;;;;4;;2;;1;1;;;1;1;;;;;;;;;;;;;;;1;;;;;;1;;1;1;;;;;;;;;1;1;;2;;;1;1;1;;;;;1;;1;1;;;;;;;;1;;;;;;;;;;;;;;;;;;;;;;;;;;;;;;;;;;2;1;;;;;;
30834-4435;1;10;1;3;;3;1;34;1;3;;28;25;;18;4;11;;1;1;;1;;;;;;2;4;1;1;1;1;;3;;;;3;3;;;6;2;;;;;4;;16;2;12;;2;1;5;4;1;;;8;;2;;;;;;;;;;;1;3;4;2;2;;8;1;4;2;1;;9;5;2;2;2;1;5;2;1;23;1;;6;4;2;1;9;5;2;1;1;;;;;;;2;;;3;;;;;;;;;1;1;;;4;;1;;;;1;1;;;1;;;;;;;;;1;1;;;;;;;;
27738-4433;1;12;;6;;5;;29;1;;;15;21;;40;11;23;;1;8;;1;;;;;;4;4;;1;1;1;;4;;;;4;4;;;5;1;;;;;2;;6;;1;;1;1;;;1;1;;8;;3;1;1;;2;1;1;;;;;1;;1;;;1;4;;4;2;2;2;3;;;;2;3;;;;11;;;3;3;2;2;3;;;6;4;4;3;3;;;1;;5;2;19;4;7;1;4;2;;3;2;4;2;1;1;7;;2;1;;;4;1;2;1;7;1;;3;1;2;;1;;1;1;;;;3;2;;;
31863-4448;4;13;;1;3;3;;45;1;1;1;10;14;;28;4;8;;4;4;;;3;3;2;2;1;;3;;;;;;;;;;1;;1;;5;;;1;;;;;3;;3;;1;1;1;1;;;;11;1;3;;;;1;1;1;1;;;;;1;1;;;1;4;;1;1;;;3;3;1;1;;2;5;;2;7;1;;3;1;1;;2;2;;1;;1;;1;;;;1;4;1;9;3;1;1;1;1;1;1;1;1;1;;;4;;1;1;;;2;1;1;1;2;2;1;2;2;;;;;1;;3;1;;;;;;
31331-4434;1;3;;;;;;10;;;;;2;;12;3;8;;1;;;;1;1;1;1;1;1;;;;;;;;;;;;;;;3;;;;;;1;;1;;;;;;;;;;;4;;2;2;1;;1;1;1;1;;;;;;;;;;;;;;;;;;;;;;;;;;;;;;;;;;;;;;;;;;;;;;5;;3;;2;;;;;;;;;3;1;1;1;;;2;1;1;1;4;1;;2;;1;;;;;;1;;;;;;;
31801-4603;3;5;4;2;4;3;;20;1;;1;7;5;;20;2;2;;3;5;3;3;2;1;2;2;1;1;1;1;3;3;3;1;2;2;1;;2;2;1;;3;;2;;;;;;2;;2;1;;;;;;;;4;1;;;;;2;2;2;1;1;1;;1;;3;1;1;1;3;1;2;1;1;1;;;;;;;;;;4;2;1;1;;;;;;;1;1;;;;;;1;1;1;;4;;;;;;;;;;;;;2;;2;2;1;;2;;2;2;2;1;;2;1;1;1;;;3;3;1;;;;;3;;
40755-7114;1;8;;;10;3;;19;;;;3;5;;11;7;7;;1;;;;1;1;1;1;1;;;;;;;;;4;2;2;;;1;;3;;;1;;;4;2;2;;2;;;;;;;;;8;;2;1;1;1;3;3;2;2;;;;;;;;;;;;;;;;;;;;2;;2;;1;3;;;;;;;;;;;;;;;;;1;;1;;3;1;2;1;1;1;;;;2;1;;1;6;1;2;2;2;2;2;1;;;3;1;1;3;1;2;1;2;;;;1;;;;;;;
30904-4603;2;4;1;2;;2;;33;1;;;12;13;;28;8;12;1;2;;;1;1;1;1;1;1;;2;;1;1;1;;2;;;;2;2;;1;2;1;;1;1;1;1;;3;;3;2;;;1;1;;;;14;1;4;2;1;;3;2;1;;;;;1;;5;1;1;1;;;;;;;4;4;2;2;;;;;;11;4;1;;;;;4;4;2;1;;;;;;;1;;1;1;6;;3;;1;;;1;1;1;1;;;6;3;3;1;;;3;1;2;2;3;;;1;;;;;;1;1;1;;;;;;;
31295-4433;2;10;;3;1;3;;32;1;;;4;12;;9;;;;2;4;;2;;;;;;;1;;;;;;;1;1;1;1;;;;3;;;2;1;;1;;7;;;;;;;;1;;;4;;3;;;;;;;;;;;1;;1;;;;;;;;;;;;;;;2;2;1;;2;1;;;;;;;;;1;;;;;;;2;;1;1;4;;;;;;;;;;;;;;;;;;;;;;;;;;;;;;;;2;2;;;;1;;;;
44965-7297;;6;1;2;2;3;;24;2;1;;9;14;;21;4;3;;;1;;;;;;;;2;1;2;;;;;1;;;;2;1;1;;5;1;;1;;;;;8;1;4;1;1;;1;1;;1;;10;;1;1;;;;;;;;;;2;1;2;;;;2;;;;;;2;1;;;;;3;;2;8;2;;2;;;;1;1;;;;1;;1;;;3;2;1;;3;;1;;;;;1;;4;1;;2;2;;;;;;;;;;;;;;;;;;;;;;1;;;;;;
30492-6030;1;6;;3;6;3;2;15;;;;7;5;;8;1;;;1;;;;;;;;;;;;;;;;1;;;;;;;1;3;;;;;;;;1;;1;;1;1;;;;;;2;;1;;;;;;;;;;;;;;;;;3;;2;1;;;;;;;2;;;;;4;;;1;1;;;;;;;;;;;;;;1;1;1;4;;1;;;;;1;;1;;;1;;;;;;;;;;;;;;;;;;;;1;;;;;;;;;
41322-6400;1;2;;1;;1;;33;;;;5;5;;30;11;24;;1;1;1;;1;1;;;;;1;;;;;;1;;;;1;1;;;2;;;1;1;1;2;;;;;;;;;;;;;9;;2;2;;;4;2;1;1;;1;;;;;;;;;;;;;;;;;;1;;;;;3;;;;;;;;;;;;1;;;;;;;1;1;6;;3;;;;;1;1;1;1;1;2;6;1;2;2;;;3;2;1;;3;;;2;;;;;;;;1;;;1;;;;
18444-6895;1;3;1;;;;;6;;;;;;;3;1;1;;1;;;1;;;;;;;1;;1;1;1;1;;;;;;;;;2;;1;;;;;;;;;;;;;;;;;;;;;;;;;;;;;;;;;;;;;;;;;;;;;;;;;;;;;;;;;;;;;;;;;;;;;;;;2;;;;;;;;;;;;;1;;;;;;;;;;;;;;;;;;;1;1;;;;;;;;
31830-4435;2;14;1;5;56;10;3;37;;;;8;13;;5;1;1;;2;9;;;2;2;2;2;2;3;2;;;;;;5;22;10;3;2;2;6;;10;1;1;5;2;2;1;;5;;2;;1;;;;;;;3;;2;1;;;;;;;;;;;;;;;;2;;;;;;2;1;;;;;2;;1;5;;;1;;;;1;;;3;1;2;2;1;;;;;3;;3;3;2;2;;;;;;;;;;1;;1;1;1;;1;1;;;1;1;1;1;1;1;1;;;1;;2;;;;8;;;
26940-4917;1;7;;1;8;4;;33;;;;;7;1;11;;;;1;;;1;;;;;;;2;;1;1;1;;1;2;;;1;1;2;;3;1;;2;;;4;1;5;3;;;;;;;;;;9;1;2;1;1;;;;;;;;;;;;;;;;;;;;;;;;;;;5;1;1;;;;;;;;;;;;;;;;1;;2;2;2;;3;;1;;1;;;;;;;;;;;;;;;;;;;;;;;;;;;;1;1;;;;;;;;
20796-4435;1;6;2;5;;5;;26;;;;9;11;1;27;5;6;1;1;8;3;;1;1;1;1;1;;2;1;;;;;4;;;;3;3;;;3;;;2;1;1;;;3;;1;;1;;;;1;;;5;;1;;;;1;;;;;1;;;;1;;;;6;1;2;2;1;1;;;;;;1;;;;2;;;1;;;;;;;2;;2;1;2;;;;;3;;10;2;4;;3;3;1;;;;;;1;2;;1;1;;;1;;;;3;1;;2;1;2;1;1;1;;;1;;;2;2;1;1;
31469-6895;1;4;;7;;6;;25;;;;7;20;;21;2;2;;1;;2;;1;1;1;1;1;1;;2;;;;;5;;;;6;5;;;3;;;2;2;2;1;;10;;1;;1;1;;;4;3;;3;1;;;;;;;;;;1;1;;;1;;;;3;1;2;;;;3;2;;;1;;5;;;7;;;3;2;;;2;2;;8;5;5;2;;;;;;3;1;6;1;2;;1;1;;;;;;;;1;;;;;;1;;;;;;;;;;;;;;;1;;;;;;2;
31658-4435;;8;;5;56;10;;35;1;;2;13;17;3;7;3;4;2;;3;;;;;;;;1;;;;;;;5;21;7;2;3;3;5;1;4;;;7;1;1;8;2;8;2;5;1;3;;;;1;;;5;1;4;;;1;1;1;;;;;;1;;2;1;1;;8;2;1;1;1;1;5;5;1;1;;1;3;2;1;12;1;;8;1;1;1;4;4;1;3;3;;;;3;2;;;1;;5;;;;;;;;;1;;;;3;1;3;2;1;;1;1;1;1;3;1;;2;1;1;1;;2;;;;;2;;1;;;
39719-6401;1;19;;5;19;6;3;40;;;;7;6;;18;6;12;;1;5;;1;;;;;;1;6;;;;;;5;3;2;2;5;5;1;;11;2;;2;1;1;;;2;;1;;1;1;;;;;;8;1;2;1;1;1;2;1;;;;;;;;1;;;1;2;;2;2;2;2;;;;;;3;;;;4;1;;2;2;2;2;;;;;;;;1;;;1;1;2;1;3;;1;;1;1;1;1;;3;;;1;3;;;;;;1;1;;;1;1;1;1;1;1;1;;;1;1;;1;;;1;;;
44022-6590;1;6;;6;10;7;;102;1;1;;21;33;;44;4;4;;1;2;2;1;;;;;;;2;;1;1;1;;6;2;1;;5;5;;1;4;1;;3;2;2;20;3;23;4;13;3;;;6;5;1;;;18;;9;4;2;1;2;2;1;1;;2;2;1;1;10;1;1;2;3;1;;;;;8;7;2;2;;2;7;;1;21;9;1;2;;;;8;7;2;5;4;1;1;;;;;1;1;1;20;1;8;1;4;2;1;1;1;2;2;1;;4;1;3;2;1;1;3;3;2;2;3;3;2;2;2;1;1;1;;1;1;;;;;;;2;
31311-6030;2;10;;;5;1;1;17;1;1;;10;10;;13;3;4;;2;;;1;;;;;;;;3;1;1;1;;;;;;;;1;;3;;;;;;;;3;;2;;;;;;1;;;1;;;;;1;;;;;;;;;1;;;;;3;;3;2;1;;1;1;1;;;;;;;7;;;1;1;;;1;;;1;;1;;;;;2;;;;4;;;;;;;;;1;1;;;3;;2;1;1;1;1;1;;;3;;;1;;1;;1;;2;1;;;;;;;;
27706-4435;1;12;;;;;;28;3;1;;6;15;;28;1;4;;1;;;1;;;;;;;2;1;;;;;;;;;;;;;7;;;;;;;;6;;1;;;;;;1;1;;8;1;3;1;;;;;;;;;;3;1;;;;;2;;1;1;1;1;;;;;1;;1;1;;4;;;1;1;1;1;;;;2;;2;;;;;2;;1;;7;;3;;1;1;1;;;;;;;1;;1;;;;1;1;;;2;1;1;;;;;;;1;1;;;;;;;;
31858-4434;1;8;;;;3;2;30;2;1;1;7;14;2;32;5;9;;1;3;3;;;;;;;1;;2;;;;;;;;;;;;1;5;;;1;;;1;;6;;4;1;1;1;1;1;;1;1;8;;2;2;1;;1;1;;;;1;;1;1;2;1;;;2;;2;2;;;1;1;;;;;2;1;;6;2;1;2;2;2;;1;1;;1;;2;;;1;1;;;;;7;;3;;2;;;1;1;1;1;;;4;1;;;;;1;;1;1;2;;;1;;;;;;1;;;;1;;;3;2;
31589-4435;1;8;1;;20;2;;19;1;;;3;4;;15;4;11;;1;3;;1;;;;;;1;2;1;;;;;;7;1;;;;1;;3;;1;;;;1;1;2;;1;;;;;;;;;6;;3;2;1;;2;1;1;;;;;1;;1;1;;;1;;1;1;;;1;1;;;;1;1;;;3;1;1;1;1;1;;;;;;;;;;;;2;;1;1;7;1;4;;3;1;1;;;;;;;4;1;1;;;;2;;1;;4;1;;1;;;;;;1;1;;;;1;;;;
31447-4435;2;12;;1;27;6;;65;2;3;;24;35;;16;2;3;1;2;;1;;2;2;1;1;1;1;5;;;;;;1;5;2;;;;2;2;7;3;;3;;;;;19;2;14;4;6;3;;;1;1;;8;1;3;1;1;;;;;;;;;2;3;6;2;2;1;10;;4;3;1;;1;1;;;;;5;;1;21;5;1;9;4;3;1;;;;1;1;1;;;;;;;2;1;4;1;1;;1;1;;;;;;;;1;;;;;;1;;;;;;;;;;;;1;;;2;;;;;;1;
44065-6402;2;5;;6;;6;2;60;2;2;1;35;42;7;52;7;7;1;2;6;;1;1;1;;;;;2;1;1;1;1;;6;;;;6;6;;;2;;;2;2;2;1;;20;1;12;3;3;1;2;2;;1;;24;5;7;6;2;3;2;2;1;1;;;;2;2;17;4;2;7;7;6;3;1;1;;3;3;;;;2;3;;1;29;9;2;6;3;1;1;3;3;;3;2;3;;3;5;4;2;;7;5;13;3;8;3;2;;;;;3;3;;;7;4;2;2;2;1;5;4;1;1;2;1;1;2;1;2;1;1;1;1;1;1;;1;3;1;;;
28250-4917;2;5;;;;;;30;1;1;;4;14;;17;2;5;;2;8;;1;1;1;1;1;1;;1;;1;1;1;;;;;;;;;;3;;;;;;2;;5;;;;;;;;2;;;7;;3;2;1;;;;;;2;;;;1;2;;;1;1;;;;;;;;;;;1;;;;3;1;;1;;;;;;;4;;1;;2;;;;;3;1;3;;2;;1;;;;;;;;;2;;1;1;1;;1;;;;1;1;;1;1;1;1;;;1;1;1;1;;;;;;
44024-6590;1;5;;3;;3;;85;;4;1;28;42;1;24;6;5;1;1;5;2;;1;1;;;;;;;;;;;2;;;;3;2;;;2;;;2;2;2;6;;35;;17;;6;2;;;3;2;1;6;;1;1;1;1;1;;;;;1;;;3;1;;;;11;;4;1;1;;1;1;;;3;1;2;;;22;;;10;4;1;1;;;;4;3;3;2;;;;1;1;2;1;8;;3;;1;1;1;1;1;3;1;1;3;1;;1;1;;;1;1;;;3;;;1;;;;;1;;;1;;1;;1;2;1;
40389-6895;;1;;2;;2;1;19;;;;3;4;1;25;1;6;1;;;;;;;;;;;1;;;;;;2;;;;2;2;;;;;;1;1;1;;;;;;;;;;;;;;11;;6;;;;;;;;;;;;;;;;;;;;;;;;;;;;;;;;2;;;;;;;;;;;;;;;;;;;;;6;;;;;;;;;;;;;1;;;;;;;;;;;;;;;;;;;;;;;;;;;;
41058-6590;1;6;7;4;;3;;52;4;2;3;21;29;3;44;11;21;2;1;9;2;;1;1;1;1;1;;2;;;;;2;2;;;;3;2;;;1;;5;2;2;1;2;1;10;;5;;2;;;;1;;;14;1;7;4;3;1;2;1;;;;;;4;2;4;1;;;8;1;1;;;;;;;;1;3;4;;1;17;2;1;7;1;;;;;;4;2;1;1;2;3;2;1;;7;4;17;4;9;2;4;4;1;;;3;3;2;2;8;1;4;2;2;1;4;4;1;1;11;3;2;4;;2;;1;2;;;1;2;3;1;1;2;1;
31400-4448;1;10;;;;2;;33;2;;;10;13;;23;10;9;;1;;;1;;;;;;;1;;1;1;1;;;;;;;;;1;7;1;;1;;;2;1;2;1;1;;;;;;;;;8;;2;;;1;3;1;;;;;;2;;1;;;;1;;;;;;1;1;1;1;;;1;1;;7;;;1;;;;1;1;1;;;1;;;;;;;2;1;4;1;1;;;;;;;1;1;1;2;7;;5;2;1;1;;;;;6;;;3;;2;;2;;1;1;;;;;;;;
36383-6401;1;5;2;3;13;5;2;23;;;;15;13;8;3;2;2;;1;1;1;1;;;;;;;1;;1;1;1;1;3;3;1;1;2;2;2;1;4;;1;3;1;1;2;;1;;1;;;;;;;;4;3;;2;1;1;;;;;;;;;;;2;;;;4;;1;;;;8;5;1;1;;;1;;;13;2;;3;1;;;7;4;1;;;;;1;8;8;;;1;1;2;1;1;;1;1;1;1;1;1;1;1;;2;;2;;;;1;;;;2;1;;;;;;;;1;1;;;;;;;;
36758-5799;1;3;;2;;2;;8;;;;1;1;;10;2;2;;1;;;;1;1;1;1;1;;1;1;;;;;2;;;;2;2;;;;;;;;;1;;;;;;;;;;;;;3;;1;1;1;;;;;;;;;;;;;;;;;;;;;;;;;;;;;;;;;;;;;;;;;;1;1;;;;1;;;;7;;5;;3;3;3;;;;;;1;1;1;;;;;1;;;;2;;;;;;;;;;;1;;;;;;;
30777-4433;1;13;;;;;;20;1;;;5;9;;26;4;11;1;1;;;;1;1;;;;1;1;1;;;;;;;;;;;;;4;;;;;;1;;2;;;;;;;;1;;;11;;6;1;1;;1;1;1;;;;;1;;1;;;1;;;;;;;1;1;;;1;;;;;5;1;;;;;;;;;1;1;1;;;;;2;1;2;1;13;1;5;;3;2;2;1;1;2;2;;;4;1;2;1;1;1;2;1;;;4;;;2;;1;;1;1;;;1;;;;;;;
42004-6402;;3;1;2;1;2;;29;3;;;5;19;;42;2;2;1;1;5;;;;;;;;;2;;;;;1;1;;;;1;1;1;;2;;1;1;;;1;;6;1;3;;;;1;1;;;;8;;2;1;1;;;;;;3;;;3;;1;;;;;;;;;;1;1;1;1;;1;5;2;;5;1;;;;;;1;1;1;1;;3;2;1;;;2;1;4;;12;3;6;2;3;2;2;;;1;1;;;2;1;1;;;;2;1;;;1;1;1;;;;;;;;;;3;;;;;;
23467-4433;1;7;;1;;2;;10;;;;3;3;;10;2;;;1;2;;;1;1;;;;;;;;;;;;;;;1;;;;2;;;1;1;;;;;;;;;;;;;;;6;;;;;2;;;;;;;;;;1;;;1;2;1;1;;;;1;1;1;;1;;;;;3;;;2;1;;;1;;;1;1;1;;;;;3;;2;1;3;1;1;1;;;;;;2;;;2;;;;;;;;;;;;;;;;;;;;;;1;;;;1;;;
30940-4435;1;12;1;;;1;;55;4;3;;37;34;4;36;15;22;1;2;2;1;;1;1;1;1;1;1;3;4;;;;;;;;;;;;1;4;;;;;;1;;14;1;10;;4;4;;;1;2;;8;1;4;2;1;;3;2;1;1;;;;4;2;2;;;;19;1;12;9;6;3;4;2;;;4;1;4;1;;28;1;;12;8;6;4;2;1;;4;3;2;1;;2;1;1;1;5;5;13;2;4;;2;1;1;;;3;2;2;2;13;1;7;4;1;1;4;3;;;8;1;1;4;1;1;1;1;1;;;1;2;;;;;1;
31735-4434;4;7;2;;;;;25;1;;;1;4;;15;12;17;5;4;;;2;2;2;2;2;2;;2;;1;1;1;;;;;;;;;;5;2;1;;;;;;3;;1;;;;;;;1;;9;;3;3;;1;5;5;5;1;;;;1;;;;;;;;;;;;;;;;1;;1;;;1;;;;;;;;;;;;1;1;;;;1;;;;5;;3;;;;;1;1;3;3;3;;12;3;11;3;3;2;6;1;4;4;16;4;1;4;1;4;;2;4;2;2;2;;;;;;;
31522-4917;1;3;;;;;;17;;;;3;5;;19;7;25;2;1;1;;1;;;;;;;1;1;;;;;;;;;;;;;;;;;;;6;3;;;;;;;;;;;;9;1;1;;;;3;3;3;3;;;;;;1;;;1;;;;;;;1;;;;;;2;;;3;1;;;;;;1;;;2;2;;;;;;1;1;2;1;5;1;3;1;1;;;;;;;;;7;2;3;3;1;1;5;1;1;1;9;2;1;6;1;1;;1;2;1;1;;;;;;;;
27352-6401;2;4;;;6;1;;11;;;;;;;8;1;;;2;;;1;2;2;1;1;1;;;;1;1;1;;;;;;;;1;;1;;;1;;;;;;;;;;;;;;;;2;;1;1;;;;;;;;;;;;;;;;;;;;;;;;;;;;;;;;;;;;;;;;;;;;;;;;1;;;;2;;1;;;;;;;1;;;;;;;;;;;;;;;;;;;;;;;1;1;2;;;;;;;
30705-5799;1;2;1;1;;1;;17;;;1;1;5;;12;;;;1;4;2;;1;1;1;1;1;;1;;;;;1;1;;;;1;1;;;2;;;;;;2;1;2;;;;;;;;;1;;9;;;;;;;;;;1;2;;;;;;;;;;;;;;;;;;;;1;;;;;;;;;;;;;1;;1;;1;;;;1;1;;;;;;;;;;;;;;;;;;;;;;;;;;;;;;;;;;;;1;1;;1;1;2;1;
42250-6402;1;6;;;;;1;24;;;;2;3;;24;2;1;1;1;;;;1;1;;;;1;2;1;;;;;;;;;;;;;2;;;;;;1;;2;;2;1;1;1;;;;;;13;;2;;;;1;1;1;;;;;;;2;1;1;1;1;1;1;1;;;;;;;;;1;;;2;2;1;1;1;1;;;;;1;;;;;;;;;;;2;;;;;;;;;1;;;;1;;1;1;1;;1;1;;;1;1;1;1;1;1;1;;1;;;1;;;;;;;
30968-4434;1;5;3;;;;;18;2;;;3;9;1;10;;;;1;;;1;;;;;;2;;;1;1;1;1;;;;;;;;;1;;;;;;;;2;;;;;;;;1;;;7;;3;1;;;;;;;;;;2;;;;;;1;;1;1;;;;;;;1;;1;;;3;;;1;1;1;;;;;1;1;1;;;1;1;1;3;;;4;;1;;;;;;;;;;;;;;;;;;;;;;;;;;;;;;1;1;;;;;;;;
31601-6590;1;15;;2;;1;;38;1;;;10;12;;24;7;11;;1;3;;;1;1;1;1;1;;1;1;;;;;;;;;1;;;;10;;;1;1;;1;;5;;3;;1;1;1;1;2;;;8;1;2;1;;1;3;3;;;1;;;1;;3;;;1;5;1;3;3;1;;1;1;;;1;1;1;1;;9;2;;5;3;3;1;1;1;;3;3;;;;;;;1;2;2;3;1;1;1;;;;;;2;2;1;;7;;1;;;;1;;;;1;1;;;;;;;;;;1;1;;1;1;;;
31210-5799;2;3;;;;;;12;;;;;2;;28;5;12;;2;;;1;;;;;;;;;1;1;;;;;;;;;;;;;;;;;;;1;1;;;;;;;;;;4;;2;1;;;;;;;;;;;;;;;;;;;;;;;;;;;;1;;1;;;;;;;;;;;;;;;;;;;;1;;6;1;2;1;;;;;;;;;;5;;4;2;2;1;2;1;;;11;2;1;4;2;3;2;1;;2;1;;;;;;;;
28043-4435;1;7;;;;;;13;;;;;;;1;;;;1;7;4;;1;1;1;1;1;1;3;;;;;;;;;;;;;;6;1;;;;;1;;;;;;;;;;;;;1;;1;1;;;;;;;;3;1;;;;;;;;;;;;;;;;;;;;;;;;;;;;;;;;;;;;;;;;;;;1;;1;;;;;;;;;;;;;;;;;;;;;;;;;;;;;;;;1;;;;2;3;1;
31805-6895;1;4;;;7;4;;11;;;;2;4;;9;3;3;;1;;;;1;1;;;;;2;;;;;;;3;1;;;;2;1;2;1;;3;;;2;1;1;;1;;;;;;;;;6;;3;3;2;1;1;;;;;;;;;;;;;;;;;;;;;;;1;;2;;1;2;;;;;;;;;;;;;;;;;;;1;;4;1;3;1;3;2;1;2;2;3;3;1;;3;;1;1;1;1;1;;1;;1;1;;1;1;1;1;1;;;;1;;;;;;;
36131-7297;1;6;6;;;;1;13;;;;2;2;;5;;;;1;;;;1;1;1;1;1;;4;;;;;3;;;;;;;;;1;1;5;;;;;;1;;;;;;;;1;;;5;;3;1;1;;;;;;;;;;;1;;;1;;;;;;;;;;;;;;;;2;1;;;;;;;;;1;1;;;;;;2;;;;3;;1;;1;;;;;;;;;;;;;;;;;;;;;;;;;;;;;;1;;;;;;;
31317-4114;3;10;;;;2;1;28;;;1;4;11;1;25;2;1;;3;2;;1;2;2;1;1;1;;3;2;1;1;1;;;;;;;;;1;3;;;1;;;;;4;1;1;;1;1;;;;;;13;1;6;2;2;;;;;;;;;;;1;;;;2;1;1;;;;2;1;1;;;;4;1;2;4;;;2;1;;;2;1;1;;;;;2;1;1;2;1;4;1;10;2;4;;4;2;2;;;1;;;;1;;;;;;;;;;;;;;;;;;;1;1;2;;1;;;;;
31306-4433;1;7;;;;;;18;1;;;1;3;;15;4;11;;1;1;;;1;1;1;1;1;;;;;;;;;;;;;;;;1;;;;;;;;;;;;;;;;;;;6;;3;;;;1;1;1;1;;;;1;;;;;;;;;;;;;;;;;;1;;1;;;;;;;;;;;;;;;1;;;1;1;1;;3;;;;;;;;;2;2;;;3;;1;1;1;1;3;1;1;1;3;1;;3;1;2;1;1;;;;1;;;1;;;;
33161-5061;1;7;7;;;1;;14;1;;;3;4;;7;1;1;;1;2;;;1;1;1;1;1;3;2;;;;;4;;;;;;;;;3;;6;;;;;;1;;1;;1;1;;;;;;2;;;;;;;;;;;;;1;;;;;;1;;1;;;;;;;;;2;1;;;1;;;1;1;;;;;;;;;;;;;;;1;;;;;;;;;;;;;;;1;;1;;;;1;;;;1;1;;;;;;;;;;1;;;;;;;
31451-4448;1;8;1;;2;3;2;81;5;4;1;29;29;11;50;17;21;8;1;6;2;1;;;;;;1;3;;;;;;;1;1;1;;;;2;1;1;;1;;;4;;8;1;5;1;;;;;;1;3;16;;4;;;;5;4;1;;1;;;4;4;13;;;1;4;1;;;;;2;;;;;3;6;;1;16;6;;1;;;;1;;;4;2;1;1;1;7;3;3;1;4;1;15;1;1;;1;1;1;;;2;;;1;11;;2;;;;3;1;1;1;6;2;;;;;;;4;1;1;;3;1;1;;;;
27889-5061;1;6;1;;;2;;26;1;;;1;3;;9;;;;1;1;;;1;1;;;;;1;;;;;;;;;;;;;;6;;;1;;;5;3;;;;;;;;;;;;7;;;;;;;;;;1;;;1;;;;;;;;;;;;1;;;;;;1;;;1;;;;;;;1;;;;;;;;;;;;;;;;;;;;;;;;;;;;;;;;;;;;;;;;;;;;;;;;1;;;;;;;
36139-6030;1;11;;2;11;8;;59;2;3;;14;25;;23;12;25;;1;7;;;1;1;1;1;1;1;2;;;;;;2;2;2;2;2;2;;;3;;;2;;;;;8;;1;;1;;;;;1;;6;;1;;;;7;5;;;2;;;2;3;1;;;;4;;1;1;1;;3;2;;;;;;;;7;;;2;1;1;1;2;1;;2;1;2;1;;;;1;;2;;4;;1;;;;;1;1;1;1;;;9;2;1;1;;;4;2;1;1;3;2;;2;2;;;;;;;1;1;;;;;;
40169-6400;1;1;1;5;;6;;43;1;;4;2;10;;34;8;10;;1;5;;1;;;;;;1;1;;1;1;1;;4;;;;3;3;;3;1;;1;3;3;3;3;1;6;;1;;1;1;;;3;1;;13;;4;4;1;;3;2;1;;;;;1;;;;;;1;;1;;;;;;;;;1;1;1;;1;;;1;1;;;;;;5;;2;;3;;;;2;;;7;;6;;2;2;2;2;2;2;2;1;4;6;1;3;1;1;1;2;;2;1;3;1;;1;1;1;1;1;;1;1;;1;4;;;;;
40777-6400;1;1;;1;;1;;34;;;;6;6;;25;5;5;1;1;2;1;;1;1;1;1;1;;1;;;;;;1;;;;1;1;;;;;;;;;;;2;;;;;;;;1;;;13;2;2;1;;1;1;1;1;1;;1;;;;;;;;3;;1;1;;;2;;;;;1;1;;;4;;;2;;;;1;;;1;;2;2;;;;;3;2;2;9;1;4;;1;1;1;3;1;3;3;2;2;5;;4;2;1;;2;2;1;1;4;2;2;2;2;1;1;;;;;1;;;;;;;
21513-6030;1;3;;2;10;2;;21;1;3;;17;7;1;8;2;5;;1;10;6;1;;;;;;;;;1;1;1;;2;3;2;1;1;1;;;2;;;1;1;1;1;;4;;2;;;;;;1;;;4;;1;;;;;;;;1;4;;1;3;;;;;2;;;;;;;;;;;1;;;;6;;;2;;;;;;;1;1;;;;;;;1;1;1;3;;;;;;;;;;;;1;1;;;;;;;;;;3;;;1;;1;;;;1;1;;2;;1;3;4;;
31155-4433;2;8;;;;;;18;;;;1;1;;19;4;7;1;2;;;2;;;;;;;1;;1;1;1;;;;;;;;;;1;;;;;;1;;1;;;;;;;;;;;3;;;;;;;;;;;;;;;;;;;1;;;;;;;;;;;;;;;;;;;;;;;;;;;;;;;;;;;;5;;2;;2;1;1;;;1;;;;1;;;;;;1;;;;3;1;;2;;1;;1;1;2;2;;;;;;;;
44172-6895;1;4;1;;;;;16;1;;;7;10;;20;4;2;;1;2;;1;;;;;;;;2;1;1;1;1;;;;;;;;;1;;1;;;;;;2;;1;;;;;;;1;;2;1;1;;;;;;;;;;;1;;;;;;1;;;;;;1;1;;;1;;;;;4;;;1;;;;1;1;;2;;3;1;2;;;;;3;1;5;1;1;1;1;1;;;;;;;;2;;1;1;;;;;;;1;;;1;;;;;;1;1;;;;1;;;;
40960-6401;1;9;2;2;;3;;20;;;;5;5;;12;6;5;;1;;;1;;;;;;2;1;3;;;;;2;;;;2;2;;;5;1;1;1;;;;;2;;1;;;;;;;;;4;;1;;;2;1;1;1;;;;;;;;;;;2;;2;2;1;;;;;;1;;;;;4;;;2;2;2;1;;;;;;;;;;;;;1;1;4;;1;;1;1;1;1;;3;2;2;1;5;1;3;;;;1;;;;3;;;;;;;;;1;1;;;;;;;;
22423-4434;1;5;;;;;;10;;;;;;;11;2;6;;1;;;1;;;;;;;;1;1;1;1;;;;;;;;;;1;;;;;;;;;;;;;;;;;;;5;;1;;;;;;;;;;;;;;;;;;;;;;;;;;;;;;;;;;;;;;;;;;;;;;;;;1;;;;3;;;;;;;;;;;;;2;;2;;;;2;2;;;3;1;1;;;;;;;1;1;;;;;;;;
27586-4435;1;7;;4;30;9;;57;3;1;;12;35;;18;4;4;;1;14;2;;1;1;;;;1;1;;;;;;4;6;3;2;4;4;1;4;4;1;;6;3;3;1;1;22;9;10;2;1;1;4;4;;;;7;;1;1;1;;1;1;;;5;1;1;3;1;7;2;2;1;2;2;1;1;;;5;5;4;3;;1;14;3;;12;5;2;1;1;1;;5;5;4;1;;;;3;;;1;;1;1;6;1;4;1;2;1;1;;;1;;;1;2;;1;;;;;;;;1;;;;;;;;;;;1;8;;;5;1;2;
39460-6401;1;5;;;;;;9;;;;2;3;;10;4;3;;1;;;;1;1;;;;1;;;;;;;;;;;;;;;3;;;;;;;;;;;;;;;;;;;4;1;;;;;;;;;;;;;;;;;;;;;;;;2;1;1;;;;;;;2;;;;;;;2;1;1;;;1;;;;;1;;1;;3;;1;;;;;1;;2;;;2;2;;1;1;;;1;1;;;2;1;1;2;1;1;1;1;;;;1;;;;;;;
30926-4433;1;9;4;2;;3;2;33;;;;3;3;;21;7;11;2;1;2;4;;1;1;1;1;1;1;4;;;;;2;2;;;;1;1;;;6;3;3;;;;6;2;;;;;;;;;;;;9;;4;1;1;1;2;2;1;1;1;3;2;;;;;;;2;;2;1;1;;1;1;;;;;;;;3;;;2;2;1;1;;;;1;1;;;;;;1;1;1;1;5;;1;;1;1;;;;1;1;1;;6;;3;3;1;1;1;;1;1;4;1;;3;1;1;1;1;2;;;1;;;;;1;3;
43981-6401;1;9;;;;5;;35;;;9;3;13;;35;13;29;;1;10;1;;1;1;1;1;1;1;1;;;;;;;;;;;;;1;4;;;;;;;;7;1;;;;;;;;;;13;1;5;2;;;4;3;2;1;;1;;;;2;1;;1;1;1;;;;;;;;;1;;1;;1;1;;;;;;;;;;1;;1;;8;;;3;1;2;;11;1;5;;;;;2;2;2;2;1;1;12;3;7;4;4;3;9;6;3;2;10;5;3;6;3;5;3;4;;;;1;;9;;;1;;
31872-4603;1;1;;1;;2;;15;;;;;;;16;1;;;1;2;;;;;;;;;;;1;1;;;1;;;;1;1;;;;;;;;;1;1;;;;;;;;;;;;11;;3;2;2;;;;;;1;;;;;;;;;;;;;;;;;;;;;;;;;;;;;;;;;;;;;;;;;;;;;3;;2;;2;;;;;;;;;;;;;;;;;;;;;;;;;;;;1;;;;;;;;;
1436-6400;1;5;;;;4;;39;;;;9;15;3;39;8;23;;1;4;;;1;1;1;1;1;;3;1;;;;;;;;;;;;3;4;2;;3;;;2;1;4;3;1;;;;1;1;;;2;17;1;4;2;;;5;5;3;1;1;;;;;2;;;;;;;;;;4;3;;;;;7;1;4;8;1;;;;;;4;3;;;;;;1;3;3;;1;1;;10;;2;;;;;;;;;;;7;2;5;2;2;1;5;1;2;2;7;3;;4;2;2;1;1;;;;1;4;;;;;;
31340-4433;1;6;1;4;;4;;23;1;;1;8;9;;24;5;9;;1;2;;1;;;;;;;;1;1;1;1;;4;;;;4;4;;;1;;;2;2;2;1;1;6;1;4;1;2;1;;;1;;;10;;2;1;1;;;;;;;;;1;;1;;;1;3;;2;1;1;;;;;;1;1;2;1;;5;1;;3;2;1;1;;;;1;;;;1;;;;;1;;7;1;5;1;2;;;1;1;1;1;;;5;;4;2;1;1;3;2;;;5;2;2;2;1;1;1;1;;1;1;;;1;;;;;
31369-4433;1;11;8;1;;1;;26;;;;2;4;2;23;7;8;2;1;2;2;;1;1;1;1;1;2;7;;;;;6;;;;;1;;;;5;3;7;;;;1;1;;;;;;;;;;;1;13;;6;2;1;2;2;1;;;;;;;;;;;;;;;;;;1;;;;;;2;;;2;;;;;;;1;;;;;;;1;2;1;1;3;1;;7;1;2;;1;1;1;2;2;5;5;2;;5;1;2;1;1;1;4;1;;;4;2;;3;;3;;2;2;;;1;;;;;;;
27616-4435;1;10;10;;;1;;30;1;1;1;23;16;;17;2;;1;1;8;;;1;1;1;1;1;;1;;;;;5;;;;;;;;;3;1;8;;;;;;10;;8;;4;3;1;;1;;;4;;2;;;;;;;;;;;1;1;4;;;2;15;3;11;10;8;7;2;;;;3;6;1;;1;14;;;9;6;6;5;2;;;2;1;2;1;1;;;;1;3;3;5;1;1;;;;;;;2;;;;;;;;;;;;;;;;;;;;;;;;;1;;1;4;;;;
43464-6400;1;8;2;5;;8;2;92;;;1;19;21;1;57;6;9;2;1;5;2;;1;1;1;1;1;1;1;3;;;;1;5;;;;5;5;;1;1;;;4;3;3;6;2;11;;4;1;;;;;;5;1;14;1;8;3;2;;;;;;1;2;;;;3;1;1;1;4;1;3;3;2;1;;;;;2;1;;;;10;1;1;;;;;;;;;;7;4;;;;1;1;5;3;20;2;5;;2;;;;;;;;;4;1;2;1;1;1;3;2;;;2;1;1;1;1;1;1;1;2;;;1;1;1;1;1;1;;
40162-6401;1;16;;1;26;5;;101;4;6;1;54;65;3;65;7;13;1;2;4;9;1;;;;;;1;1;1;1;1;1;;1;9;4;3;1;1;1;1;12;1;;4;1;1;4;2;40;2;27;5;13;4;1;;1;3;;26;;7;4;2;1;1;;;;;3;2;4;5;13;6;4;2;15;2;5;3;2;2;5;3;2;2;1;;5;2;2;44;9;4;14;4;2;1;3;2;1;1;1;3;1;1;2;1;1;1;2;;16;1;8;;4;1;1;1;1;3;3;2;1;6;1;2;1;1;1;4;;;;4;3;;2;1;2;1;2;1;1;1;;;1;1;;2;5;
31313-6401;1;14;;1;6;5;;57;;3;1;27;26;;35;7;9;;1;8;;;1;1;;;;2;2;2;;;;;1;1;;;1;1;1;1;5;;;3;1;1;2;1;20;;17;;8;4;;;;2;;11;2;5;2;2;;2;2;;;4;;;;3;5;1;1;;16;4;7;3;1;1;1;1;;;4;2;;;;21;;;12;6;2;1;;;;1;;3;1;;;;2;1;6;3;13;4;7;4;5;3;2;3;2;3;2;2;2;6;;3;3;2;;2;1;;;3;2;1;3;2;2;2;;;;;1;1;1;;2;;;
41556-6400;3;12;4;1;;1;;25;;;;;2;;22;6;5;4;3;2;;1;2;2;1;1;1;3;4;1;1;1;1;2;1;;;;1;1;;;3;;3;1;1;1;1;;1;;;;;;;;;1;;7;;1;1;1;;2;2;2;2;;;;;;;;;;;;;;;;;;;;;;;;;;;;;;;;;;;;;1;;;;;3;;1;;4;;2;;1;1;1;;;;;;;5;1;4;4;3;1;2;;1;1;4;2;;4;2;3;2;1;4;1;1;2;2;;;2;;;
31158-5799;1;1;;;2;1;;9;1;;;1;2;;9;1;3;;1;;;1;;;;;;;1;;1;1;1;;;1;1;1;;;1;;1;;;1;;;;;1;;1;;;;1;;;;;3;;;;;1;1;1;1;1;;;;1;;;;;;;;;;;;1;;;;;;1;;;1;;;;;;;1;;;;;;;;;;;;;;1;;;;;;;;;1;1;1;;1;1;1;1;1;1;1;1;1;1;1;1;1;1;1;1;1;1;;1;1;;;;;;;;
42237-6402;1;2;;;;;;11;;;;1;1;;11;4;10;;1;;;1;;;;;;;;;1;1;1;;;;;;;;;;1;;;;;;1;;;;;;;;;;;;;5;;3;1;1;1;2;2;2;2;;;;;;;;;;;;;;;;;;;;;;;;;1;;;;;;;;;;;;;;;;;1;;1;1;5;1;2;;2;;;;;1;1;1;;4;;2;2;2;;2;;2;2;5;1;;3;;2;;;;1;1;;;;;;;;
28092-4434;1;4;;;;;;27;1;;;6;7;1;16;4;12;;1;2;;1;1;1;1;1;1;;3;;1;1;1;;;;;;;;;;2;1;;;;;2;;4;1;3;2;;;1;1;;;;10;;3;1;;1;3;3;;;;;;1;;2;1;;;1;;;;;;2;2;1;1;;1;2;1;1;6;2;1;1;;;;2;2;1;;;;;;;;2;;1;1;5;1;1;;;;;;;1;1;;;4;;1;1;;;3;1;2;2;2;2;;2;2;1;1;;;1;1;1;;;1;;;;
15247-6400;1;3;1;;;6;2;52;;1;1;36;34;;59;7;20;1;1;5;4;1;;;;;;;;2;1;1;1;;;;;;;;;1;2;;;3;;;7;2;16;1;10;;1;;2;2;2;2;;14;1;2;;;1;1;1;;;2;3;;;1;3;1;;2;10;;6;3;1;;6;5;4;2;2;;4;;1;25;;;6;3;2;1;6;4;3;5;2;4;2;1;;;;;3;;16;1;3;;1;;;;;1;1;1;;6;;4;2;2;1;3;2;;;9;3;2;7;3;5;3;4;1;1;1;;2;1;;;3;2;
31529-4917;2;7;;;30;3;;32;1;;;4;12;;22;3;9;;2;;;2;2;2;1;1;1;1;1;3;2;2;2;;;15;10;5;;;2;;2;;;2;;;1;;6;;2;;;;1;;1;;;6;;3;1;;;1;1;;;;;;1;;;;;;2;;1;1;;;1;;;;;;1;1;;4;;;2;1;1;;1;;;2;;3;2;;;;1;;2;;8;2;5;2;2;;;;;;;;;3;;;;;;2;1;1;1;1;1;;1;1;;;;;2;2;2;;;;;;;
41126-6400;1;4;;1;;5;;31;;;;5;6;;26;5;8;;1;3;;1;;;;;;2;;2;1;1;1;;1;;;;1;1;;;3;;;1;;;2;2;4;;;;;;;;2;;;9;;1;1;;1;1;1;1;1;1;;;;;;;;;3;;1;;;;;;;;;;;;;;;;;;;;;;;3;;2;1;2;;;1;2;1;;12;1;7;1;4;3;1;3;;3;1;1;;4;1;2;2;2;;2;;1;1;3;1;;2;;2;;;;1;1;;;;2;;;;
44058-7297;1;1;1;3;;3;;34;2;;6;5;16;2;46;4;6;1;1;6;;;1;;1;1;;;;;;;;1;3;;;;3;3;;;;;;1;1;1;;;4;;1;;;;;;1;;1;11;;3;2;;;;;;;;;;2;;;;;;;;;;;;1;;;;1;;1;;1;5;;;;;;;1;;;1;;;;6;2;1;1;;2;;16;1;9;1;4;3;2;;;;;;2;2;;1;;;;1;;;;1;;;;;;;;;;;;1;6;;;;;
30739-4434;1;4;2;;12;4;1;28;1;;;3;5;;32;7;20;4;1;1;;1;;;;;;;2;;1;1;1;1;;4;2;1;;;3;1;;;2;;;;;;1;;1;1;;;;;;;;6;;;;;;1;1;;;;;;1;;1;1;;;1;;1;;;;1;1;1;1;;;2;;;3;1;1;1;1;;;1;1;1;;;;;;;;;;1;;6;1;1;;;;;;;;;;;6;1;1;;;;3;;;;5;2;;3;2;3;2;1;2;1;1;;;;;;;;
36787-6401;1;9;;4;;5;;26;;;;14;7;;21;3;2;;1;4;1;;1;1;1;1;1;1;3;;;;;;4;;;;4;4;;;6;2;;1;1;1;1;;3;;3;;3;1;;;;;;10;;2;;;;;;;;;;;;;1;;;;9;;4;3;3;2;1;1;;;1;1;;;;6;;;5;2;1;1;1;1;;;;;;;;;1;;2;2;5;2;;;;;;;;1;1;;1;2;;1;;;;1;1;;;1;1;1;;;;;;;;;1;3;;1;1;1;;
22363-4114;1;2;;;21;2;1;44;2;1;;14;16;;18;7;16;;1;13;7;;1;1;1;1;1;1;2;;;;;;;3;1;;;;;1;1;;;2;;;;;5;;4;1;1;1;1;;1;;;6;;;;;;2;2;;;3;1;;2;1;2;;;1;2;;2;2;;;1;;;;1;6;2;;1;13;2;;2;2;2;;1;;;2;1;;;1;;;;;1;;2;;;;;;;;;;;;1;4;;;;;;1;;;;;;;;;;;;;;;1;2;;1;1;3;1;
34845-5799;1;1;;;4;2;;8;;;;;;;11;;;;1;;;;1;1;1;1;1;;;;;;;;;2;;;;;;;;;;;;;2;2;;;;;;;;;;;;2;;1;;;;;;;;;;;;;;;;;;;;;;;;;;;;;;;;;;;;;;;;;;;;;;;;;;;;;4;;;;;;;;;;;;;;;;;;;;;;;;;;;;;;;;;;1;;;;;;;
41089-6400;1;7;;1;;1;;21;;;;2;6;;23;3;5;;1;2;;1;;;;;;;1;2;1;1;1;;1;;;;1;1;;;3;;;;;;2;;3;;1;;;;;;;1;;11;1;1;1;;;1;1;;;;;;;;;;;;1;;;;;;;;;;1;1;;;;2;;;1;;;;;;;1;1;2;1;;;;4;;1;;5;;3;;;;;;;;;;;1;;;;;;;;;;1;;;;;;;;;1;1;;;;;2;;;
41289-6400;1;4;;1;;1;;35;;;;2;4;;21;5;12;1;1;;;;1;;1;1;;3;;1;;;;;1;;;;1;1;;;2;;;;;;2;1;2;;1;;1;;;;1;;;10;;4;2;1;1;1;1;1;1;;;;;;;;;;1;;;;;;;;;;2;;;;;2;;;1;;;;;;;1;;1;1;;;;;1;2;1;6;2;3;1;2;1;1;1;;2;1;1;;4;;2;1;;;;;;;5;;;2;;;;;;;;;;;;;;;
31759-4917;1;2;;;;;;13;;;;1;6;;15;2;2;;1;1;3;1;;;;;;;;;;;;;;;;;;;;;;;;;;;;;2;;1;;;;;;;;;3;;;;;;;;;;;2;1;;;;;;;;;;;;;;;;;;;1;;;1;;;;;;;;;;1;;1;;;;;;;;;2;;;;;;;;;;;;1;1;1;;;;;1;1;;;;;;;;;;;;1;1;;;;;1;1;2;
32278-4434;1;16;3;2;4;7;1;37;;;;8;9;2;21;4;2;;1;1;;1;;;;;;1;6;;1;1;1;1;2;1;;;1;1;1;1;9;4;1;3;;;2;1;4;;2;1;1;1;;;;;;15;;8;4;1;1;;;;;;;;;;2;;;1;4;1;3;1;1;1;;;;;1;;;;;6;1;;4;3;1;1;;;;;;1;1;;;;4;;2;1;12;2;8;1;2;1;;3;1;4;2;2;;2;;2;2;2;;2;1;;;2;2;1;2;2;2;2;;;1;1;;;;;1;;;
44258-7297;1;2;;1;;1;;11;;;;1;2;;6;;;;1;;;;1;1;1;1;1;;;;;;;;1;;;;1;1;;;1;;;;;;2;;1;1;;;;;;;;;;6;;;;;;;;;;;;;;;;;;;;;;;;;;;;;;;1;1;1;1;;;;;;;;;;;;;;;;;1;;1;;;;;;;;;;;;;;;;;;;;;;;;;;;;;;;;;;;;1;;;;;;;
27764-4603;1;5;;4;5;3;;27;2;;;6;13;;27;7;18;;1;1;;1;;;;;;;2;;1;1;1;;2;4;4;4;1;;;;1;;;3;1;;;;7;;1;;;;;;;;;3;;3;1;1;;3;1;;;;;;2;;;;;;1;;;;;;;;;;2;;2;1;;1;;;;;;;;;;;;;;;;;;;1;;11;1;4;1;3;2;;;;;;;1;1;;;;;;2;;1;1;6;1;;3;;2;;;;1;1;;;;;;;;
30808-4435;2;7;;5;1;6;;22;1;2;;25;20;;25;6;6;2;2;2;;2;1;1;;;;;1;2;1;1;1;;5;;;;3;3;1;;;;;1;;;2;;7;;7;;7;4;;;;;;6;;3;2;1;;3;2;1;1;;;;1;2;1;;;1;16;1;11;9;8;6;4;1;;;;;1;;;17;;;13;9;8;7;1;;;2;1;2;;;;;2;;5;3;7;1;3;1;1;1;1;1;1;2;1;1;3;3;1;3;2;;;2;;1;1;6;1;;4;1;2;;2;1;2;2;1;1;;1;1;;;
31612-4603;1;2;;;4;2;;23;;;1;2;1;;25;6;10;;1;4;1;;1;1;1;1;1;;1;;;;;;;2;2;2;;;1;;2;;;1;;;;;1;;1;;;;1;;;;;12;;3;2;1;;4;3;2;;;;;;;1;1;1;;;;;;;;1;;;;;1;;;;1;1;1;;;;;1;;;;;;;;;;;1;;;8;;2;;1;;;1;1;2;2;1;1;5;1;3;;;;4;3;1;;5;3;2;1;1;;;;;;;1;;1;;;1;;
27995-4435;1;12;;1;16;4;;32;2;1;;38;21;;42;5;11;;1;10;1;1;;;;;;;1;;1;1;1;;1;4;1;;1;1;1;;6;1;;1;;;;;6;;4;;1;;;;1;;;12;1;2;;;;;;;;;;;2;1;3;;;1;20;2;10;5;3;2;1;1;;;5;2;;;;15;;;7;4;2;2;;;;1;;2;;;;;1;;5;2;12;1;3;;1;1;;;;2;2;1;;5;;3;3;;;3;1;;;5;2;;3;1;;;;;1;1;;;;1;7;1;1;
31783-4433;1;9;7;;30;3;;29;;;;7;8;;29;9;10;1;1;2;;;1;1;1;1;1;1;4;;;;;2;;15;9;4;;;2;;3;1;5;;;;2;;3;;2;;1;1;;;1;;;8;;2;2;;2;3;2;1;1;;;;;;2;;;1;4;2;3;2;1;1;1;;;;1;;;;;7;;;4;3;2;1;1;;;3;2;1;1;1;;;;;1;;7;;4;;;;;2;1;6;3;2;1;6;2;4;1;1;1;4;2;2;1;5;2;1;2;2;1;1;1;1;;;1;;;;;;;
31652-4434;1;8;1;;;4;;22;4;1;;8;17;;35;6;4;2;1;2;;1;;;;;;3;;3;1;1;1;1;;;;;;;;;3;;;1;;;;;2;;1;;1;1;;;;;;11;;6;2;;;;;;;;;;4;1;;;;;4;;2;;;;1;1;;;2;2;3;;3;7;;;3;2;;;1;1;;;;;;;;;3;;2;;14;2;7;1;3;2;1;1;1;1;1;1;;4;1;3;3;2;;4;2;;;3;3;1;3;3;2;2;;1;1;1;;;;1;;;;
36331-4917;3;10;3;6;31;7;1;51;6;1;;14;27;11;43;3;11;;4;3;2;2;1;1;;;;;2;;1;1;1;1;6;10;4;2;3;3;;1;2;;2;2;1;1;2;;9;2;6;2;;;1;1;;;2;13;1;2;;;;2;1;;;;2;2;6;1;3;;;1;1;;;;;;7;2;1;1;;;7;1;;12;3;;1;;;;6;2;1;1;;1;1;3;8;3;1;;2;1;10;1;4;;2;1;;;;;;;;2;;1;1;1;;2;2;;;5;2;2;1;1;1;1;;;2;2;1;1;;1;;;2;
24082-4603;1;2;;;;1;2;8;;;1;;;;2;;;;1;10;;1;;;;;;;1;;;;;;;;;;;;;;1;;;;;;1;;;;;;;;;;;;;2;;;;;;;;;;2;;;;;;;;;;;;;;;;;;;;;;;;;;;;;;;;;;;;;;;;;;;;;;;;;;;;;;;;;;;;;;;;;;;;;;;;;;;;;1;1;;3;1;;;;;
44195-6402;1;1;1;2;;3;;13;;;;5;3;;10;3;3;2;1;5;1;;1;1;1;1;1;;;;;;;;1;;;;1;1;;;1;;;;;;1;;1;;1;;;;1;;;;;6;;1;1;;;;;;;;1;;;;;;;;2;;2;1;1;;1;;;;;1;;;;3;;;1;1;1;1;1;;;;;;;;;;;1;;;2;;1;;;;;1;1;1;1;1;;2;;2;;;;1;1;;;2;1;1;;;;;;1;;;1;;;;2;1;;
31637-4603;1;3;;;2;2;1;47;4;3;;18;28;3;18;6;8;1;1;2;;;1;1;1;1;1;;1;1;;;;;;2;2;1;;;1;;;;;2;;;1;;12;1;5;2;1;;;;2;;;4;1;2;1;;;;;;;;;;3;3;3;1;;;6;;1;;;;1;;;;1;1;1;;;16;3;1;5;1;;;1;;;5;2;;;1;3;3;;;1;;6;;2;;;;;;;1;1;1;;5;1;2;2;;;2;1;;;4;1;;4;1;1;;1;;;;1;2;;;;;;
34088-6590;2;5;2;;7;1;1;24;4;1;;9;12;3;14;2;3;1;2;2;;1;2;2;1;1;1;;1;;1;1;1;;;1;1;;;;;;2;;1;;;;3;;2;;2;;2;1;;;;;;5;;1;;;;1;1;;;;;;4;1;1;;;;4;;2;;;;1;1;1;1;;1;1;;;7;;;3;1;;;1;1;;2;;1;1;1;2;;1;;1;;5;1;2;1;1;1;;;;;;;;2;;1;1;1;;;;;;1;;;1;;1;;;1;1;1;2;;;;;;;
37121-6401;3;17;;;19;3;;91;;2;3;39;39;1;29;13;25;2;3;10;;1;2;2;;;;5;4;;;;;;;13;3;;;;1;2;10;1;;2;;;2;;31;3;28;13;3;3;;;;;;13;;7;;;;3;2;;;4;;;;2;15;7;6;1;6;;5;;;;;;;;;1;5;;1;33;13;6;5;5;;;;;;;;;;1;1;;2;;;;12;;4;;1;1;1;1;1;2;1;1;;7;;3;3;;;2;;1;;9;1;;4;1;1;1;1;1;1;1;2;2;2;2;;;;
31826-4603;1;2;;;;1;;13;;;;;;;23;6;18;1;1;;;1;;;;;;;1;;1;1;1;;;;;;;;;1;1;;;;;;2;;;;;;;;;;;;;6;;2;1;;;1;1;;;;;;;;;;;;;;;;;;;;;;;;;;;;;;;;;;;;;;;;;;;;1;;;;6;;1;;;;;1;;1;;;;5;;2;1;;;1;1;;;3;;;1;;;;;1;1;1;;;;;;;;
39676-6030;1;10;3;8;2;13;3;51;3;10;1;29;33;3;32;13;15;5;1;9;;1;;;;;;1;2;;;;;1;6;;;;6;5;1;1;7;2;2;2;2;2;1;;18;;9;3;2;;;;1;1;;7;;5;2;1;2;1;1;;;1;;;2;9;8;3;2;1;11;3;5;1;;;6;2;;;;2;5;;1;20;3;;6;2;;;;;;4;2;3;2;2;2;1;1;1;7;4;14;4;6;3;1;1;;3;2;7;6;4;2;8;1;4;1;1;1;4;2;;;7;3;2;4;2;4;2;2;4;1;1;;1;;3;;;;
40101-6590;1;8;;1;23;3;;61;;2;;32;34;;20;2;5;;1;11;12;1;;;;;;;1;1;1;1;1;;1;9;4;1;1;1;2;;4;;;1;;;3;2;21;;15;2;3;2;;;4;1;;11;1;1;;;1;;;;;;10;7;;2;5;1;;2;7;1;4;2;;;3;2;;;2;1;;;;24;2;;6;3;1;;1;1;;6;2;2;1;;;;;;3;1;3;1;1;1;;;;;;1;1;;;2;1;1;;;;1;;;;2;;;;;;;;;1;1;;1;;1;1;9;10;
31784-4448;1;7;;1;1;4;;22;;;2;1;5;;27;4;17;;1;2;;1;;;;;;2;2;;;;;;1;;;;1;1;;2;4;;;3;1;1;2;;1;;1;;;;;;;;;7;;1;;;;2;1;;;;;;;;;;;;;;;;;;;;;;;;1;;;1;;;;;;;;;;1;;1;;2;;;;1;1;;2;;;;;;;;;;;;;4;;1;;;;1;;;;3;;;1;;;;;;1;1;;;2;;1;;;
18607-4917;1;2;;;;;;8;;;;;2;;8;;;;1;;;1;;;;;;;;;;;;;;;;;;;;;;;;;;;1;;1;1;;;;;;;;;;5;;2;1;;;;;;;;;;;;;;;;;;;;;;;;;;;;1;;1;;;;;;;;;;;;;1;;;;;;;1;;2;1;1;;;;;;;;;;;;;;;;;;;;;;;;;;;;;;1;1;;;;;;;;
31604-4435;1;5;;;29;3;;8;;;;2;2;;6;2;2;;1;;;;1;1;;;;;;1;;;;;;18;11;6;;;2;;1;;;2;;;;;;;;;;;;;;;;3;;;;;;;;;;;;;;;;;;;;;;;;;;;;;;;;;;1;;;;;;;;;;;;1;;;;;;;;;;;;;;;;;;;;;;2;;1;;;;;;;;1;;;;;;;;;;;1;;;;;;;
29016-5061;1;8;1;1;;1;;24;1;1;;7;12;5;15;1;1;;1;;2;;1;1;;;;;3;;;;;;1;;;;;;;;5;3;;;;;2;;4;;2;;;;;;;;2;5;;;;;;1;1;1;;;1;;1;1;3;;;1;;;;;;;4;3;3;1;;;7;1;1;6;3;;;;;;3;3;3;;;;;;3;2;;;;;4;;1;;;;;;;;;;;1;1;1;;;;1;1;1;1;1;1;;;;;;;;;;1;;;;;;1;
31191-4434;1;13;;12;;12;;67;;;2;30;29;;28;11;12;2;1;12;12;1;;;;;;4;9;1;1;1;1;;9;;;;10;8;;1;9;3;;5;3;3;2;1;15;;11;;4;2;1;;1;2;;13;1;7;5;5;2;1;1;1;1;1;9;8;;;5;1;1;1;12;2;4;1;;;6;4;;;1;2;5;1;1;23;3;1;9;3;1;;1;;;3;3;2;;1;;;1;3;8;2;13;4;8;3;7;4;3;1;1;4;3;1;1;8;2;3;2;1;;4;2;;;5;2;1;4;2;1;1;;2;1;1;;4;2;1;;7;10;
32895-6590;;8;;;11;2;;60;2;2;;25;29;3;27;4;2;;;3;;;;;;;;;6;;;;;;;1;;;;;;1;7;6;;1;;;2;;18;3;12;7;;;3;2;1;;;15;1;3;1;1;1;;;;;;;;2;2;10;4;4;2;2;;;;;;3;2;;;;;5;;1;20;8;4;1;;;;3;2;;1;1;;;1;;;1;;2;1;8;;3;;3;1;1;1;;3;1;1;1;2;;2;2;1;;1;1;;;2;1;1;2;1;1;1;;;;;;2;;;;;;
41258-6590;1;2;;1;;2;;11;;;;5;6;;15;;;;1;1;3;1;;;;;;;;;1;1;1;;1;;;;1;1;;;;;;;;;1;;2;1;1;;;;;;;;;5;;2;;;;;;;;;2;;;;;;;;3;;2;1;;;;;;;1;;1;;;5;;;3;2;1;;;;;;;;;;;;1;1;;;3;;1;;1;1;1;;;;;;;;;;;;;;;;;;;;;;;;;;1;1;;;;;1;1;;
31888-4433;2;13;5;;7;2;;23;;;;6;6;1;10;2;3;2;2;4;4;2;;;;;;;1;;;;;3;;4;1;;;;2;;4;;2;2;;;1;;4;2;2;;;;1;1;;;;5;;2;;;;;;;;;4;3;;;;;;;1;;;;;;1;1;;;1;1;2;1;;5;;;1;;;;1;1;;1;1;;;;1;;;1;1;1;4;1;1;1;1;1;1;1;1;1;1;;;2;;;;;;;;;;1;;;;;;;;1;2;2;;3;;;;3;3;
39946-6401;2;18;4;3;18;7;9;390;8;9;5;92;120;6;75;16;22;3;2;20;20;1;1;1;1;1;1;;10;;1;1;1;3;3;3;;;3;3;;1;14;7;2;4;1;;47;7;85;18;59;21;;;23;17;3;;;42;1;17;6;2;1;6;5;5;3;6;19;9;7;9;34;6;4;1;;;;;;;41;32;20;20;;5;38;8;3;82;27;6;;;;;39;30;20;4;3;1;1;2;4;2;1;11;4;2;29;3;14;2;7;1;1;4;4;5;4;3;1;14;2;13;10;9;3;10;6;;;18;8;4;10;4;9;4;3;3;1;1;1;8;5;;;4;10;
40116-6030;1;12;;;18;3;;76;1;;;7;10;;20;6;7;;1;8;2;;1;1;1;1;1;;1;;;;;;;2;;;;;3;;9;1;;2;;;1;;6;;4;;1;;1;1;;;;12;;5;3;1;1;3;3;;;2;1;;1;;1;1;1;;2;1;1;1;1;1;1;1;;;;1;;;;6;;;2;1;1;1;1;1;;2;2;;;1;;;1;3;;;8;;4;;2;;;;;3;;;;3;;;;;;1;;;;2;1;;1;1;1;1;1;;;;1;1;;;1;2;;
35816-5799;1;2;;;1;1;;12;;;2;;5;2;8;;;;1;2;1;;1;1;1;1;1;1;2;;;;;;;;;;;;1;;1;;;1;;;;;2;;;;;;;;1;;;2;;1;1;1;;;;;;;;;;;;;;;;;;;;;;;;;;;1;;1;;;;;;;;;;;2;;;;2;1;;1;;2;;3;2;2;2;1;;;;;;;;;;;;;;;;;;;;;;;;;;;;;;1;1;2;;;1;;
41299-6401;1;5;;;8;2;;19;;;;4;3;;21;1;1;;1;3;;;1;1;1;1;1;;;3;;;;;;1;;;;;1;;1;;;2;;;1;;1;;;;;;;;;;;7;;2;2;;;;;;;1;;;;;;;;;1;;;;;;;;;;;;;;;1;;;;;;;;;;;;;;;;;2;;;;4;;3;;1;;;;;;;;;1;;;;;;;;;;;;;;;;;;;;;1;;;;;;;
31384-5061;1;5;2;1;;1;;10;1;1;;8;8;;6;;;;2;1;;1;;;;;;;2;;1;1;1;2;1;;;;1;1;;;2;1;;;;;;;2;1;2;;;;;;;;;2;2;;;;;;;;;;;;;1;3;;;;2;;2;1;1;;;;;;;1;2;1;;7;1;;2;2;1;1;;;;;;;;1;;;;;4;4;2;1;;;;;;;;;;;;;;;;;;;;;;;;;;;;;;;1;1;;1;;1;;;;
32380-4434;3;10;5;4;1;5;6;52;5;1;6;27;24;13;48;11;18;3;5;9;2;2;1;1;;;;;1;1;2;2;2;1;3;1;;;3;3;1;1;4;;1;1;1;1;2;1;6;;2;;1;1;;;2;;6;15;;3;2;;1;2;2;2;1;1;1;1;4;1;2;;;1;17;1;12;8;5;4;2;2;;;;4;2;1;;14;;;11;9;6;3;1;1;;3;1;;;3;9;6;;;1;1;11;;5;;1;1;1;;;2;1;1;;8;;6;4;3;1;1;1;;;10;1;1;6;1;3;1;1;3;2;2;1;1;5;4;1;2;1;
31787-4434;2;7;8;;5;3;3;17;;;;1;;2;5;2;;2;2;3;;;1;;;;;;1;;1;1;;3;;3;1;1;;;1;1;;;7;;;;2;;;;;;;;;;;;;3;;;;;;;;;;1;;;;;;;;;;;;;;;;;;;;;;;;;;;;;;;;;;;;;;;;;1;;;;;;;;;;;;;;;;;;;;;;;;;;;;;;;;;;;2;1;;;;;;;;;
36057-7297;1;3;;;;1;1;23;;;;3;4;;19;2;2;;1;;;1;;;;;;;;;1;1;1;;;;;;;;;1;2;;;;;;6;4;2;;1;1;;;;;;;;10;1;2;;;;;;;;;;;;;2;;;1;2;1;;;;;;;;;;;;;;3;1;;2;;;;;;;;;;;;;;1;;1;1;2;;;;;;;;;;;;;2;1;1;;;;2;1;;;1;1;;;;;;;;1;1;;;;;;;;
41590-6590;1;4;;;1;2;;12;;1;;5;6;;14;3;3;;1;1;;1;;;;;;;;;1;1;1;;;;;;;;1;1;2;;;1;;;1;1;5;1;4;1;1;;1;1;;;;2;;;;;;;;;;;;;;1;1;;;1;1;;;;;;1;1;1;;1;1;2;;;5;1;;1;;;;1;1;1;;;;;;;;;;;;2;;;;;;;;;1;1;;;2;;;;;;;;;;;;;;;;;;;1;1;;;;1;;;;
22525-4435;2;10;7;;;;;13;;;;;1;;1;;;;2;;;1;1;;1;1;;1;1;;1;1;1;6;;;;;;;;;1;;6;;;;1;;1;;;;;;;;;;;1;;;;;;;;;;;;;;;;;;;;;;;;;;;;;;;;;;;;;;;;;;;;;;;;;;;;1;;;;;;;;;;;;;;;;;;;;;;;;;;;;;;;;;;;1;1;;;;;;;;
34561-4433;1;11;1;7;1;8;2;68;5;5;;20;25;12;29;5;6;2;1;16;2;;1;1;1;1;1;;2;1;;;;;5;;;;6;5;1;;8;2;1;6;3;3;3;1;15;;8;;;;2;1;1;;3;17;;4;2;2;1;3;2;1;1;4;2;;5;5;5;;;1;1;;;;;;6;2;1;1;;;5;2;;13;2;;1;;;;3;1;1;2;1;;;2;6;3;1;1;3;;11;1;5;;4;1;1;;;1;1;1;;4;1;3;3;3;1;1;1;;;4;;;3;;3;;1;1;;;1;8;;1;2;2;;
42411-7297;1;3;;;;;;14;;;;;2;;3;;;;1;;;;1;1;;;;1;;;;;;;;;;;;;;;2;;;;;;4;1;2;;;;;;;;1;1;;1;;;;;;;;;;;;;;;;;;;;;;;;;;;;;;;;;;;;;;;;;;;;1;;2;;;;;;;;;;;;;;;;;;;;;;;;;;;;;;;;;;;;;;;;;;;1;;;;;;;
32369-4603;1;3;;;;1;;24;2;;;;8;1;22;1;1;;1;3;1;;1;1;;;;;1;;;;;;;;;;;;;;;;;1;;;1;1;3;;;;;;;;1;1;;9;2;3;2;;;;;;;;;;2;;;;;;;;;;;;;;;;;;1;;1;;;;;;;;;;;2;;1;;1;;;1;1;3;;7;;3;;1;1;1;;;1;1;1;;1;;1;1;;;1;;;;1;1;;1;1;;;;;;;1;1;;;1;1;1;
32508-4448;1;8;1;1;7;3;1;31;1;;2;2;6;1;18;8;22;;1;5;;;1;;1;1;;;1;;;;;;1;2;2;1;1;1;;1;5;1;1;3;;;2;;1;1;;;;;;;;;;6;;1;1;1;1;4;4;2;1;;;;1;;1;;;;1;1;1;;;;;;;;;;2;;1;1;;;;;;;;;;;;;;3;;;1;1;;;3;;2;;2;1;1;;;1;1;;;6;1;3;2;1;1;1;;1;1;6;;;3;;2;;1;;;;;;2;;;;;
39980-6400;1;3;1;2;;2;1;28;1;;;2;4;1;19;11;28;2;1;;;;1;1;;;;;;;;;;;2;;;;2;2;;;1;;;1;1;1;;;3;1;2;;1;;1;1;;;1;9;;3;1;1;;4;2;;;;;;1;;;;;;1;;;;;;1;1;;;;;2;2;;2;;;1;;;;1;1;;1;;;;;1;;1;;;;6;;1;;1;;;1;;2;;;;7;1;2;;;;2;;;;4;;;1;;1;;1;1;;;1;;;;;;;
33169-6402;2;4;;;23;2;;19;3;;1;3;8;;12;;;;2;1;;;1;1;1;1;1;1;;;1;1;;;;6;3;1;;;1;1;1;;;1;;;1;1;1;;1;1;;;;;;;;8;;2;;;;;;;;1;;;3;;1;;;;2;;1;1;;;1;;;;;;1;;;2;1;;1;1;1;;;;;;;1;;;;;2;;2;;5;1;2;;;;;;;;;;;;;;;;;;;;;;;;;;;;;;1;;1;;1;;;;;
40309-6590;2;11;;1;5;2;;53;1;3;;17;24;;50;13;14;1;2;5;;2;;;;;;1;;4;2;2;2;;1;;;;1;1;1;;7;;;1;1;1;1;;11;;6;;3;;;;2;1;;9;;3;2;2;;9;9;8;2;;;;1;3;4;1;1;;7;1;1;1;;;1;;;;4;3;;;;14;1;;5;1;1;;1;;;3;1;5;2;1;;;1;1;8;4;16;3;8;1;6;3;1;1;1;2;2;2;1;13;1;10;4;1;1;2;;;;10;1;;4;;1;;1;1;2;2;;;;1;;;;
27512-4435;1;10;;;;;;30;3;1;;22;24;;17;3;4;1;1;;;;1;1;1;1;1;1;2;;;;;;;;;;;;;;4;1;;;;;;;12;1;11;;8;4;;;;;;5;1;1;1;1;;2;2;2;2;;;;3;1;3;2;2;1;11;;6;;;;1;1;1;1;2;;1;;;16;1;1;9;5;;;1;1;;2;1;1;;;;;;;2;;3;1;1;1;1;1;1;;;1;1;;;3;1;2;2;1;;2;1;1;1;2;1;;2;;1;;;;;;1;;;;;;;
31747-5799;1;3;3;;;;;10;;;;1;2;;9;3;2;;1;;;;1;1;1;1;1;;;2;;;;3;;;;;;;;;;;3;;;;1;1;1;;;;;;;;;1;;4;;1;;;;1;1;1;1;;;;;;;;;;;;;;;;;;;;1;;;;;1;;;;;;;;;;1;1;1;;;;;1;;1;;4;1;2;1;1;;;1;;1;;;2;2;;2;2;2;1;;;;;2;;;2;;2;;1;;;;1;;;;;;;
40086-6590;1;2;;2;12;12;;19;1;;;12;10;;9;;;;1;1;;1;;;;;;;;;1;1;1;;2;1;;;1;1;;5;1;;;5;1;1;;;4;;2;;2;1;;;1;;;;;;;;;;;;;;;;1;;2;1;;;9;1;3;1;1;1;;;;;1;1;;;;8;;;7;2;1;1;;;;2;1;;;;;;;;2;2;;;;;;;;;;;;;;;;;;;;;;;;;;;;;;;;;1;1;;;;1;;;;
31453-4433;1;9;;1;;1;;14;;;;4;5;;17;1;1;1;1;;;;1;1;;;;1;;1;;;;;1;;;;1;1;;;1;;;;;;;;;;;;;;;;;;;;;;;;;;;;;;;;;;;;;;2;;1;1;1;1;;;;;1;;;;;3;;;2;1;1;1;;;;;;1;1;;;;;;2;;6;1;6;;1;;;1;1;1;1;1;;1;;1;;;;1;;;;1;1;;1;;;;;;;;1;;;;;;;
40093-6590;1;3;;1;;1;;32;;;;5;7;;32;5;6;;1;;;;1;;1;1;;;;;;;;;1;;;;1;1;;;1;;;1;1;1;2;1;1;;1;;;;1;;;;;11;;4;1;;;3;3;1;1;;;;;;4;;;;;;;;;;3;2;1;1;;;2;;1;5;4;;;;;;3;2;1;;;;;;;;;;4;3;10;1;2;;1;1;1;;;1;;;1;3;2;1;1;1;;3;2;1;1;1;;;1;;1;;;;;;;;;;;;;
21361-4917;3;10;;3;;2;2;48;1;;;2;5;;45;8;22;;3;2;1;;3;3;2;2;2;1;3;2;;;;;1;;;;2;1;;;7;;;;;;;;2;;1;1;;;;;;;;15;;2;1;;;5;5;2;1;;;;1;;1;;;1;;;;;;;;;;;;;4;1;1;1;1;;;;;;;;;;;;;1;;;;;1;;4;;1;;;;;;;;;;;8;1;4;1;1;1;1;;1;1;8;;;2;;1;;1;;;;3;;;;;;;
24192-6401;1;5;;;;1;;15;;;;5;4;;17;4;5;;1;3;;;1;1;1;1;1;1;;;;;;;;;;;;;;;4;;;;;;1;;2;;2;;2;1;;;;;;6;;3;1;;;;;;;;;;;;1;;;;3;1;1;1;;;;;;;;3;;;;4;;;3;1;1;;;;;;;;;;;;1;;;;7;;1;;;;;;;2;;;;2;;2;2;1;1;;;;;2;;;2;;1;;1;;;;1;;;2;;;;
43058-6400;1;6;;2;18;12;4;128;4;12;;68;75;1;95;17;20;3;1;7;1;1;;;;;;;1;2;;;;;2;3;;;2;2;1;4;3;;;3;;;3;2;46;3;30;5;12;7;1;1;4;3;1;30;2;7;2;;2;3;2;2;2;;;;4;12;16;12;6;1;20;3;12;6;4;;2;2;;;;2;8;4;1;47;9;8;16;10;6;4;1;1;;8;3;8;1;2;;;3;2;9;4;34;4;11;2;5;4;1;4;3;7;6;5;;15;4;9;2;2;;7;3;2;2;9;3;2;2;;2;;;3;1;1;;2;;;1;1;1;
41125-7114;1;5;1;1;;2;;15;1;2;;9;9;;14;4;3;;1;1;;1;;;;;;;1;;;;;;1;;;;1;1;;;3;1;;;;;1;1;1;;1;;;;;;;;;8;;1;;;3;;;;;;;;1;2;;;;;;;;;;;;;;;2;1;;;;7;;;;;;;;;;;;;;;;;1;;2;2;3;;;;;;;1;1;4;3;;1;3;;;;;;;;;;;;;;;;;;;1;1;;1;;;;;;
35936-7297;1;3;;;5;1;1;24;;;;3;4;;30;6;8;;1;5;6;1;;;;;;;2;;1;1;1;;;1;1;;;;;;2;1;;1;;;;;2;1;1;1;;;;;;;;7;;1;;;1;;;;;;3;;;;2;;;;;;;;;;;;;;1;;1;;1;3;2;;;;;;;;;;;;;;;;1;;1;1;10;;6;;3;1;1;1;1;4;3;2;1;5;;3;2;2;1;1;1;;;6;1;1;3;1;3;1;2;;1;1;;3;;;;4;2;
36400-5799;1;2;;3;2;3;;33;1;;;5;6;;21;8;9;1;1;;;1;;;;;;;2;;1;1;1;;2;;;;2;2;1;;2;1;;2;1;1;1;;4;;2;;1;1;;;;;;14;;4;2;;2;5;5;3;3;;;;1;;3;1;1;1;3;2;1;;;;1;;;;;;;;;4;1;;2;1;;;;;;;;;;;;;;2;1;1;5;;2;;;;;;;3;3;3;;8;1;6;5;4;2;7;3;5;5;7;6;3;5;5;4;4;2;1;1;1;;;;;;;;
30687-4433;;4;2;;20;3;;19;2;;;4;7;3;11;1;3;1;;3;1;;;;;;;1;;;;;;1;;10;4;2;;;1;2;2;;;2;;;2;;;;;;;;;;;;3;4;;3;1;1;;;;;;;1;;2;;;;;;1;;1;;;;1;1;;;;;1;;;2;;;1;1;;;1;1;;1;1;1;1;1;2;1;1;;;;5;;1;;1;;;;;;;;;1;;;;;;1;1;;;;;;;;;;;;;;;1;;1;1;1;;
27350-6401;1;12;;2;;2;;52;;;;27;33;;14;4;4;;1;1;;;1;1;;;;1;1;1;;;;;2;;;;1;1;;;7;;;1;;;1;;8;;6;;5;2;;;1;;;9;;5;2;2;;1;1;1;1;;;;;;5;2;1;2;18;2;9;5;3;1;4;1;;;2;;4;1;1;16;2;;10;6;4;3;1;;;4;2;;;;;;3;;2;;8;2;4;2;3;3;2;3;1;3;1;1;1;2;;1;1;1;1;2;1;;;1;1;1;1;1;1;1;1;;;;1;;;;;;;
17491-6590;3;8;;;;;;20;;1;1;4;6;;6;1;;;3;2;4;1;2;2;1;1;1;;1;;1;1;1;;;;;;;;;;1;;;;;;2;;4;;3;;1;;1;1;1;;;3;;1;1;;;;;;;1;3;2;;1;;;;;1;;;;;;1;1;1;1;;;1;;;3;;;1;;;;1;1;1;1;;;;;;;;;;;2;;2;;;;;1;;1;;;;;;;;;;;;;;;;;;;;;;;1;1;2;1;1;;;1;2;
32015-4917;1;4;;;;;;21;1;;;1;3;;20;1;1;;1;;;1;;;;;;1;3;1;1;1;1;;;;;;;;;;2;;;;;;1;1;2;;1;;;;1;1;;;;5;1;1;;;;;;;;;;;1;;;;;;;;;;;;1;1;1;;;;1;1;;1;;;;;;;1;1;1;;;;;;;;1;;1;;4;;;;;;;;;1;1;;;1;;;;;;;;;;;;;;;;;;;1;1;;;;;;;;
30586-4434;1;6;1;2;;1;;13;;;;2;2;;7;5;2;2;1;1;;1;;;;;;;4;;1;1;1;;2;;;;1;1;;;3;3;1;;;;1;;1;;1;;;;;;;;;4;;2;1;1;;3;1;1;;;;;;;1;;;;1;1;1;;;;;;;;1;1;;;;2;;;1;1;;;;;;;;;;;;;1;;1;1;3;1;1;1;1;;;1;1;1;1;1;1;2;;2;1;1;;1;;;;2;1;;1;;1;;;2;1;1;;;;1;;;;
31462-4448;1;6;1;;2;4;2;28;;;1;5;10;2;22;3;4;;1;3;;1;;;;;;;1;1;1;1;1;;;2;1;1;;;1;2;4;;;1;;;3;;4;1;;;;;;;;1;1;7;;4;3;2;;1;1;;;;;;;;1;;;;;;;;;;1;;;;;;1;;1;5;1;;;;;;1;;;2;;2;2;2;1;;2;1;3;3;11;2;6;1;2;;;;;2;2;2;;3;;2;1;1;;2;1;;;3;2;1;1;1;1;1;;;1;1;;1;1;;1;;;
28164-6590;;5;;;25;2;;29;;;;7;13;;9;;;1;;7;6;;;;;;;1;;1;;;;;;11;5;3;;;2;;3;;;2;;;1;;7;;2;2;;;;;1;2;;3;;1;;;;;;;;2;5;5;;;3;1;;;;;;;;;;;;;1;;;;;5;3;1;;;;;;;;2;;2;1;1;;;1;;2;1;2;;1;;1;;;;;;;;;;;;;;;;;;;;;;;;;;;;;;;1;;;2;4;6;
31358-4435;1;15;10;3;16;13;5;87;2;3;;39;35;28;53;15;22;4;1;6;;;1;1;;;;;;;;;;6;3;6;4;1;3;3;1;2;3;;9;6;1;1;4;1;;;;;;;;;;;21;17;;6;2;;4;6;6;4;3;1;;;2;3;2;;;;19;1;12;9;5;1;6;4;3;3;1;3;1;;;32;1;;14;8;7;3;4;4;3;2;2;;;1;26;25;;3;1;1;18;1;6;;2;1;1;1;1;7;6;1;;12;1;6;5;4;3;4;3;2;2;11;4;2;7;3;4;2;3;4;;;1;1;;1;;;;
39955-6401;2;14;;5;;5;;75;7;5;3;55;66;1;28;13;27;1;2;18;;;2;2;1;1;1;;1;;;;;;3;;;;4;3;;;5;;;3;3;3;3;;36;1;19;;5;3;1;1;2;1;1;6;2;4;2;1;;5;5;2;2;;;;7;5;3;3;3;;23;3;13;7;4;2;9;7;;;2;11;2;1;;40;;;15;8;3;2;1;1;;8;5;2;;6;1;1;2;1;6;5;13;1;5;;3;2;;2;1;2;1;1;;12;;8;5;4;1;3;2;1;1;12;3;2;6;3;5;2;2;1;;;2;;3;7;;;;
31729-4448;1;7;;;;4;;14;;;;1;16;;29;7;6;;1;2;;;1;1;;;;;1;1;;;;;;;;;;;;;1;;;2;;;3;1;5;2;1;;;;;;;1;;2;;;;;;2;1;1;1;;;;;;;;;;;;;;;;;;;;1;;2;1;1;1;;;;;;;;;;;;6;2;;;;;;;;6;;2;;;;;;;;;;;6;;3;2;2;2;1;;;;3;1;;2;1;2;1;2;;;;1;;;;;;;
22787-4435;1;3;2;1;;1;;12;;;;7;4;;16;2;2;;1;1;;1;;;;;;;;;1;1;1;2;1;;;;1;1;;;1;;2;;;;;;1;;;;;;;;;1;;4;1;;;;;;;;;;;;;;;;;;2;;1;1;1;1;1;1;;;;1;2;1;;2;;;;;;;;;;;;1;;;;;1;;1;1;3;;1;;;;;;;2;2;2;;2;;2;2;2;2;;;;;2;;;2;;2;;2;;1;1;;;;1;;;;
31336-4434;3;28;1;3;3;6;;89;;;1;14;20;1;52;10;22;1;3;7;1;;3;3;2;2;2;1;8;1;;;;1;3;;;;2;2;2;1;16;4;;1;1;1;4;1;8;;4;;;;1;;;3;1;15;;9;4;3;1;3;3;3;1;2;1;1;;;4;;;1;7;2;5;2;;;3;2;;;1;2;;;;13;3;;6;4;2;;2;1;;3;1;5;4;1;1;;2;2;4;3;20;2;7;1;4;2;1;1;;4;3;3;;8;;8;4;3;2;2;1;1;1;16;1;1;7;1;5;1;4;;;;3;1;1;1;3;1;1;
31728-4114;1;8;;4;13;8;11;63;2;;5;4;12;7;14;2;;1;1;23;3;1;;;;;;;2;2;1;1;1;;2;7;4;2;1;1;1;1;5;1;;2;1;1;3;;3;;;;;;;;1;;4;6;;2;;;;;;;;15;3;1;2;;;;;;;;;;;;1;;;;;1;2;;;1;;;;;;;;;;3;;4;1;1;3;;1;;2;;6;1;2;1;;;;;;1;;;1;;;;;;;;;;;;;;;;;;;;1;1;;2;5;;1;2;1;
34011-6402;1;3;;;1;2;;18;1;;;2;3;;26;5;12;;1;1;;;1;1;;;;;1;;;;;;;;;;;;1;;;;;2;;;;;;;;;;;;;;;;6;;3;;;;1;1;;;;;;1;;1;;;;1;;;;;;;;;;;;1;;;2;1;;1;;;;;;;;;;;;;;;;;;5;;;;;;;;;1;1;;;5;1;;;;;2;;;;2;1;;;;;;;;;;1;;;;;;;
40010-6400;2;12;;2;30;6;;125;5;16;;61;55;;46;15;29;1;2;19;3;;2;2;1;1;1;3;4;2;;;;;1;15;6;4;2;1;3;;11;2;;4;1;;6;;38;;26;3;6;3;1;;1;3;;24;2;11;6;3;3;5;4;4;2;;3;3;5;16;11;4;2;2;17;2;9;4;3;;2;;;;;7;1;;1;35;5;2;10;5;2;1;1;;;1;1;5;;2;;;;2;6;3;17;2;10;1;5;4;3;3;3;6;5;2;;12;;8;5;4;1;5;3;1;1;11;4;2;5;4;4;4;1;1;;;2;9;;3;1;3;3;
