aluno;1>;2>;3>;5>;6>;7>;14>;16>;17>;29>;30>;31>;32>;33>;34>;36>;38>;39>;41>;46>;48>;49>;1>2>;1>46>;1>46>2>;2>1>;2>1>46>;2>2>;2>14>;2>14>41>;2>31>;2>31>30>;2>41>;2>46>;2>46>1>;3>2>;5>5>;6>6>;6>6>6>;7>5>;7>5>5>;7>6>;14>2>;14>2>2>;14>2>14>;14>2>31>;14>3>;14>3>2>;14>7>;14>14>;14>31>;14>31>14>;14>31>30>;14>31>30>14>;14>31>30>30>;14>31>30>30>30>;14>31>30>30>30>30>;14>31>31>;14>32>;14>38>;14>38>36>;14>41>;14>41>2>;14>41>31>;14>41>41>;14>41>41>41>;14>49>;14>49>49>;16>31>;16>31>30>;17>30>;17>30>14>;17>30>30>;30>2>;30>14>;30>14>31>;30>14>41>;30>17>;30>17>30>;30>30>;30>30>14>;30>30>30>;30>30>30>14>;30>30>30>30>;30>30>30>30>30>;30>30>30>30>30>30>;30>30>30>30>30>30>30>;30>30>31>;30>30>41>;30>31>;30>31>30>;30>41>;30>48>;31>2>;31>14>;31>30>;31>30>14>;31>30>30>;31>30>30>30>;31>30>30>30>30>;31>30>30>30>30>30>;31>30>30>30>30>30>30>;31>30>31>;31>30>31>30>;31>30>48>;31>31>;31>31>30>;31>41>;31>48>;32>31>;32>31>30>;34>36>;34>38>;36>14>;36>34>;36>34>38>;36>36>;36>36>36>;36>36>36>36>;36>36>36>36>36>;36>36>36>36>36>36>;36>36>36>36>36>36>36>;36>38>;38>14>;38>33>;38>36>;38>41>;39>38>;41>2>;41>14>;41>31>;41>31>30>;41>38>;41>41>;41>41>31>;41>41>41>;41>41>41>41>;46>1>;46>1>2>;46>2>;48>14>;48>29>;48>30>;48>48>;49>48>;49>49>;49>49>48>;
31481-4604;7;21;;4;27;9;90;1;2;1;35;35;;1;1;13;12;;50;7;16;7;3;5;5;2;1;4;3;2;1;;1;3;2;;4;12;4;4;4;2;9;;;;;;1;3;12;1;4;;2;1;;2;;7;5;23;;1;3;;4;;1;1;2;;;;8;3;2;1;1;18;5;15;4;8;6;5;3;6;1;8;6;1;1;;5;20;2;11;9;6;6;5;;;;2;1;2;2;;;;;3;;;4;2;2;1;;;1;2;;6;;;1;2;1;;1;7;;1;;3;2;6;;1;2;3;5;;;
18187-4605;3;21;;5;15;5;101;3;3;;26;42;;2;1;12;17;;34;4;25;28;;3;3;2;2;5;3;;5;;1;;;;3;5;3;2;2;3;8;3;1;;;;4;2;19;;7;;2;1;1;3;;4;3;13;2;;2;1;19;17;3;1;3;;1;;2;;;1;1;9;1;5;;4;3;2;1;1;;2;1;2;;2;1;15;;4;2;2;2;2;;;;6;2;6;1;;;;1;;1;1;4;;;;;;;1;2;8;1;;5;;2;1;3;11;1;4;1;;;3;;;;;13;23;11;
28454-4605;3;28;;;;1;98;2;1;;19;40;;2;1;9;11;;42;3;7;;2;1;1;1;1;4;1;;1;1;1;2;2;;;;;;;;12;2;1;1;;;1;4;26;1;8;;2;2;1;1;;4;;15;1;;2;;;;2;1;1;1;;4;2;1;1;1;1;7;1;6;1;5;1;1;1;;3;2;2;7;;3;3;18;;6;5;4;1;1;;;;2;2;7;2;;;1;;;1;;;;;;;;1;3;2;;1;;2;;2;2;4;6;;2;1;2;2;1;2;;2;;;;;
15217-7098;2;11;8;;;2;30;2;3;;14;17;1;3;2;22;8;1;19;2;1;1;1;1;1;1;;4;2;1;2;2;1;1;1;3;;;;;;;6;1;1;1;4;2;2;1;5;;5;;3;1;;;1;;;6;;;1;;;;2;;3;1;;;2;;;1;1;7;1;2;;1;;;;;;2;1;;1;1;2;12;;7;2;1;;;1;;;1;1;4;;1;1;1;;1;2;;14;7;5;2;1;;2;;2;1;2;1;;1;2;2;1;5;1;1;1;2;;1;;;;;;1;;
36466-7118;1;10;;2;4;4;50;2;16;1;62;61;;2;2;31;13;;58;3;4;3;;1;1;1;1;1;;;1;;2;;;;2;4;1;2;2;1;3;1;;1;;;1;;20;;12;;;;;2;;3;;7;1;;2;;1;;2;1;14;;8;;;;;2;2;17;;7;;2;2;1;;1;;5;2;4;;1;1;36;;6;4;2;2;1;3;1;;8;4;9;;;;;2;2;2;2;9;3;1;;;;;1;1;3;3;;1;;3;2;1;11;;;;;;1;;;;;3;1;1;
25130-4130;2;8;1;;;1;29;1;1;1;20;16;2;1;1;6;4;;32;2;11;;2;1;1;1;;;;;;;2;2;2;;;;;;;;5;;;;;;;1;5;;;;;;;1;1;2;;10;1;1;;;;;1;1;1;;;;2;1;;;;8;1;2;;1;1;1;1;1;1;1;;2;3;;;9;1;6;2;1;1;1;;;;1;;1;4;1;1;1;;;;;4;2;2;2;2;1;1;;1;;;;2;;3;3;;5;2;2;1;2;2;1;2;1;5;3;;;;
36435-7118;3;36;4;3;11;9;112;3;19;;94;75;;3;1;34;23;;78;3;7;;2;2;1;2;2;12;;;7;3;2;1;1;1;2;3;2;3;2;1;18;6;;4;1;1;5;1;36;;30;;8;5;;2;;4;1;19;2;2;4;1;;;3;1;18;1;5;1;2;;;2;2;24;;12;;3;3;3;3;1;1;2;;7;4;;2;56;1;12;6;1;1;1;1;;;4;3;4;1;;;;1;2;1;1;17;10;6;2;1;;1;;3;8;3;;5;1;3;2;1;17;;5;1;2;2;1;;;2;;;;;
30983-4604;3;22;1;;10;2;51;1;;1;16;20;1;1;1;1;7;1;32;3;5;;2;2;2;2;2;4;2;;2;2;1;2;2;;;3;1;;;1;13;2;;;;;1;2;8;;4;;3;1;1;;;;;13;;3;2;;;;1;;;;;2;3;;1;;;6;1;4;1;2;1;1;1;;;;;1;1;;1;9;1;5;3;2;1;1;;;;;;1;4;;;;1;;;;;;;;;;;;1;1;;;;2;6;2;1;8;;1;;2;2;2;1;1;3;;;;;
29688-6398;2;17;;1;;1;43;1;;;5;5;;1;1;2;5;;20;2;;1;2;1;1;;;1;1;;;;2;2;2;;1;;;1;1;;6;1;;;;;;;1;;1;;;;;;;3;1;11;1;;1;;;;1;;;;;;;;;;;1;;;;;;;;1;;1;;1;;;;3;;;;;;;;;;;;;;;;;;;;;2;2;2;2;1;1;1;;1;1;;;1;1;;;;2;;;;2;1;1;;;;;;1;;
28169-4605;4;16;;;1;1;75;2;5;;32;49;;2;2;11;9;;46;5;4;1;3;1;1;2;1;3;6;1;4;3;;3;3;;;;;;;;6;1;3;1;;;;13;31;13;16;;1;;;2;;3;;16;;2;1;;;;2;1;5;4;1;1;6;;;1;1;6;1;;;;;;;;3;11;8;8;;;18;29;1;5;;;;;10;7;;2;;4;2;;;1;1;1;1;1;3;;;;;;1;2;2;;1;;1;2;2;1;2;7;;2;;3;2;2;2;;;;1;1;;
30801-4130;;14;4;;19;7;55;1;;3;17;16;1;2;1;2;7;;47;;9;;;;;;;1;;;1;1;2;;;1;;3;;;;1;4;1;;;3;1;2;1;1;;1;;;;;;;1;;16;1;;2;;;;1;;;;;;2;;;;;8;1;5;1;4;2;1;;;1;;;1;2;1;;8;1;4;4;4;2;1;;;1;;;1;1;1;1;;;;;;1;1;1;1;1;1;1;1;2;1;1;;2;1;;;1;5;;;;;;;;2;3;3;;;;
36004-7118;2;15;2;;;3;34;2;8;;31;29;;;;;4;;26;2;4;1;1;1;1;2;1;;2;;1;;2;1;1;;;;;;;;7;;1;1;;;1;2;11;;7;;7;3;2;;;2;;11;;2;1;;;;2;2;8;2;3;;5;2;;3;3;22;2;12;2;8;6;3;3;4;3;8;6;4;1;;4;23;1;16;10;6;4;2;5;3;;1;1;1;2;;;;;;;;;;;;;;;;;;1;;2;;4;2;;3;1;2;2;1;1;1;1;;;3;;1;;
31221-4605;1;12;1;2;43;7;70;1;4;;38;36;1;2;1;10;7;;29;1;17;10;1;1;;1;1;3;1;1;2;2;2;1;;1;1;21;10;1;;4;6;1;;2;;;4;4;13;;8;;1;1;1;1;1;;;12;;;6;2;6;3;1;;4;1;;;3;1;;1;1;7;;5;;4;2;1;1;1;;5;5;;3;;1;27;2;7;5;4;2;1;2;2;1;2;1;3;1;1;1;;1;;;;3;2;2;1;1;;;;2;3;;;;;1;;;12;1;5;1;1;1;1;3;;1;5;7;5;3;
31239-7118;3;18;2;4;;4;79;3;10;;61;53;;3;3;7;11;;17;2;7;4;1;2;2;2;2;1;3;;4;3;3;;;;4;;;4;4;;6;;1;;1;;2;4;41;;35;2;11;6;6;1;;4;;9;2;;3;1;3;3;3;2;10;1;;2;6;1;1;2;2;18;2;9;1;9;5;5;4;1;3;3;1;4;5;;2;46;3;14;7;7;3;3;1;;4;2;2;2;1;;;;3;2;3;3;5;3;3;1;1;1;;1;;;;;4;;2;2;1;6;;2;1;;;2;2;;1;1;1;4;1;
14034-6398;1;10;11;;;2;16;1;;;8;10;10;1;1;8;5;7;12;1;1;1;;1;1;;;;;;;;;;;7;;;;;;;;;;;5;4;;1;;;;;;;;;1;;;1;;;;;1;;1;1;;;;;;;;;;1;;1;;;;;;1;;4;1;1;1;;1;5;;1;1;;;;2;1;1;1;1;2;;3;1;;;;1;;;;;;;;;;1;2;;2;;;;;;5;;4;1;;;1;;;;;1;;;
18267-4130;1;22;1;5;;3;92;3;9;;35;38;;3;2;3;10;;34;2;14;21;1;;;;;2;3;1;2;1;3;1;1;;3;;;3;3;;11;1;1;2;;;1;4;21;3;13;1;;;;3;;3;1;17;;;3;;14;8;2;2;8;2;4;1;11;2;1;;;8;3;4;2;;;;;;;13;12;;1;1;5;25;6;2;1;;;;12;11;;4;3;1;;;;1;1;1;;;;;;;;;;;2;2;1;;2;1;1;1;2;4;;;;1;1;;4;;;2;12;10;5;
35554-5714;;6;;;6;3;28;;3;;9;8;;2;1;5;2;;12;;3;;;;;;;;;;1;;;;;;;;;;;;2;;;;;;2;;4;;3;;2;2;2;;;1;;3;;;1;;;;;;3;;1;;1;;;;;4;1;3;;2;;;;;1;;;1;;;;5;;3;3;2;;;;;;1;1;;;;;;;;;;2;2;2;1;;;1;;1;;;;;1;;;;3;;;;;;;;;;3;;;;
26702-4605;;26;5;3;81;10;208;2;11;1;64;92;1;4;3;15;33;2;71;1;47;44;;;;;;5;2;1;2;1;2;;;;1;25;9;2;;4;12;3;;2;3;;4;5;52;;23;1;2;1;1;7;;7;2;23;;3;7;1;31;8;2;2;10;1;4;;7;1;;;;13;2;3;;3;2;1;1;1;1;5;4;4;3;4;4;46;3;6;3;3;2;1;4;3;2;10;3;10;3;1;1;1;2;2;3;2;6;6;2;2;1;1;1;4;4;6;3;2;2;1;6;2;1;19;2;3;;;;;5;1;2;8;19;11;8;
31283-4605;2;15;3;2;10;4;73;1;1;1;12;17;;2;1;22;9;;46;2;10;3;2;;;;;;1;;;;;2;2;;;1;;1;;2;5;;1;;;;4;4;9;3;5;1;;;;;;3;2;21;;;;;2;2;1;;1;;;1;2;;;1;1;1;;;;;;;;;;1;1;;;;4;10;2;1;;;;;1;1;;;;;;;;;;1;;;9;4;3;2;2;2;1;;2;6;;;1;;;;1;5;;1;;2;2;1;1;1;;1;3;3;3;
36253-7098;2;34;;2;37;4;126;3;30;1;109;92;;3;1;18;21;;48;8;5;;;2;2;2;2;8;3;;7;5;4;;;;1;24;15;1;1;3;17;2;;4;;;3;8;48;;41;3;12;8;4;2;;6;4;14;;1;3;;;;3;3;29;7;2;2;18;3;1;8;7;27;4;17;3;11;9;7;3;2;1;6;2;3;2;4;1;77;5;23;15;10;8;6;4;2;1;6;3;8;3;;;;1;2;1;1;6;4;1;;;;;1;3;9;1;;1;2;7;6;2;11;1;1;;;;2;;1;4;;;;;
36396-5714;1;17;;1;;1;44;1;1;;12;17;;2;2;11;14;1;18;1;4;;1;1;;1;1;5;2;;5;3;2;;;;1;;;1;1;;10;2;;2;;;;3;6;;2;1;1;;;;;5;1;4;;;;;;;1;1;1;;;1;5;1;;;;2;;1;;1;1;;;;;1;;;1;1;;8;4;1;;;;;1;;;1;1;5;2;;;1;1;1;2;1;5;3;2;1;;;1;2;2;2;4;;3;2;;;2;6;;2;;1;1;;;;2;1;;;;
30879-4604;2;8;7;;3;2;25;;;;8;8;3;1;1;4;5;4;14;2;3;6;2;1;1;1;1;2;4;1;;;;2;2;6;;;;;;1;;;;;4;3;1;5;5;1;2;1;;;;;;;;4;;;1;;2;;;;;;;;1;1;;;;3;;2;;;;;;;;2;2;;;;3;5;1;;;;;;2;2;;1;1;1;1;;;1;;;;;;;;;;;2;;1;1;;1;;;;;;4;;2;2;2;1;1;;;1;;2;1;;
30676-6388;;8;;;10;4;27;1;5;;12;15;;3;1;14;7;;19;;;;;;;;;;1;;;;1;;;;;4;;;;2;4;;;;;;1;;7;;4;;;;;;;3;1;6;;2;;;;;1;1;3;;;;;;;1;1;3;;2;;1;;;;;1;;;2;;1;2;8;;2;1;;;;;;;2;1;1;;;;1;;2;1;;4;3;2;1;;;1;1;2;2;;;1;1;2;1;;5;;;;;;;;;;;;;;
13179-5714;1;13;3;1;;1;28;;2;;11;19;3;;;;3;1;13;1;1;;1;;;;;7;2;;1;1;5;;;1;;;;;;;6;3;1;;1;;;1;8;;5;;1;1;;1;;2;;5;;1;1;1;;;;;2;1;;1;1;;;1;1;1;;1;;;;;;;;3;1;;;2;1;9;;1;1;;;;3;1;;2;1;1;;1;;;;;;;;;;;;;;;;;;;3;;4;1;;4;1;2;;1;1;;;;;;;;;
31109-6398;1;25;1;;27;5;113;4;13;3;52;44;4;2;2;99;32;1;31;4;16;1;;1;;1;1;6;8;;3;1;3;;;1;;4;1;;;2;15;3;4;;;;4;18;25;2;14;1;3;1;;8;2;25;14;17;2;;1;1;;;2;1;12;1;1;;14;2;1;3;2;12;5;4;3;3;;;;2;1;5;2;1;3;3;6;27;4;9;3;2;;;2;;1;11;9;;6;3;;;1;5;1;1;50;28;16;11;7;6;4;9;2;18;2;1;3;3;;;2;7;;3;1;;;;5;1;5;2;1;;;
271-7274;2;9;1;;8;4;34;1;;;8;11;1;2;1;8;9;1;56;2;4;;1;2;1;2;2;;1;;;;1;1;;;;2;;;;2;3;;;;;;3;1;3;;1;;1;;;;;;;17;;1;7;1;;;1;1;;;;1;2;;1;;;3;;1;;1;1;;;;;;;;;;;4;1;2;;;;;;;;1;;1;2;;;;1;;1;1;4;2;;;;;;;2;1;2;;2;1;5;2;3;18;2;3;;1;1;2;;;1;3;;;;
31179-4605;1;26;;6;;5;79;1;2;;32;40;2;1;1;3;6;;33;2;4;5;1;;;;;2;2;;2;1;5;;;;4;;;5;4;;12;1;;;;;2;4;23;2;12;2;5;2;;2;1;4;;19;2;3;3;1;5;3;1;1;2;;;;5;1;3;;;15;1;6;1;2;;;;1;1;1;;1;1;4;2;27;3;12;5;2;;;;;1;4;4;;;;;;1;;1;1;1;1;1;1;;;;1;1;;1;;5;5;5;5;;4;;1;;1;1;;;;;1;3;3;2;
36252-7118;3;16;;2;2;3;52;2;8;;38;40;;2;1;17;8;;21;2;3;2;3;;;1;;2;4;1;1;1;1;2;2;;2;;;2;2;1;10;;3;1;;;2;5;25;1;18;2;2;1;1;5;;5;1;8;;;3;1;1;;2;1;8;2;5;;13;3;4;2;2;13;6;1;1;1;;;;;1;1;1;1;;;2;29;6;7;1;1;;;1;1;;6;3;1;;;;1;;;1;;9;2;;;;;1;2;2;2;1;;;1;2;2;;6;2;1;;2;2;;;;;;2;;;
22189-4604;2;18;;5;;6;51;1;3;;30;26;;1;1;1;6;;31;2;2;3;1;2;1;2;2;1;1;;3;;3;1;;;4;;;5;4;;8;;1;1;;;2;1;9;;8;;4;2;;;;2;;10;;;1;;1;1;1;1;3;;;2;7;3;;;;14;2;5;1;2;1;;;;;2;1;;1;1;;16;4;8;3;;;;;;;;;3;;;;;1;;1;1;;;;;;;;1;1;;1;;1;;2;1;;4;;;;1;1;2;;;;;1;2;;
36691-5714;1;10;1;;;2;41;4;3;1;17;26;6;3;1;7;9;;20;1;5;1;;1;1;1;1;2;3;;3;3;2;;;;;;;;;;5;1;2;1;;;1;2;17;1;10;4;9;7;3;;;4;;11;2;;3;2;;;4;;3;1;1;1;8;4;;2;2;13;6;10;3;7;5;;;5;;7;4;;2;;4;15;4;12;9;6;5;;3;1;;3;1;1;4;1;1;1;;1;;;3;;;;;;1;2;3;1;2;;3;3;1;;3;7;1;2;;;;1;1;1;3;;1;1;1;
17604-4130;;9;;4;3;12;196;1;4;;40;63;1;2;1;9;17;;28;1;22;19;;;;;;2;4;;;;;;;;2;1;1;2;2;1;6;2;;;;;6;15;46;2;24;5;6;5;3;1;1;10;3;17;1;1;5;;14;4;1;1;4;1;;;11;1;2;;;10;2;8;1;3;2;1;;1;1;4;1;2;1;;6;32;8;9;7;3;2;1;;;1;1;1;2;1;;;;1;1;1;1;;;;;;;1;1;2;5;;;1;2;3;2;1;8;;1;;;;;2;;;8;11;4;2;
31478-5714;;3;;2;;1;10;;1;;4;5;;;;;;;14;;1;;;;;;;2;;;1;1;;;;;2;;;1;1;;3;2;;;;;;;1;;1;;;;;;;;;2;;;1;1;;;;;1;;;;;;;;;;;;;;;;;;;1;1;2;1;;;3;;;;;;;1;1;;;;;;;;;;;;;;;;;;;;;;;;;;;;;;3;;2;1;;;;1;;;;;;;
36274-7098;;9;;;8;6;18;2;4;;13;17;;2;;4;4;1;27;;3;1;;;;;;1;1;;1;1;1;;;;;3;1;;;2;2;1;;1;;;1;1;4;;4;1;1;;;;;1;;4;2;1;;;;;2;2;4;;2;;1;;1;1;1;6;;5;;2;1;;;;1;;;1;;1;;9;1;4;3;1;;;;;;;;2;2;;;;;1;;;2;1;1;;;;;;1;1;;1;3;;2;1;1;6;;1;;;;;;;1;;;;;
31519-4605;2;45;2;;5;5;94;1;2;;42;48;;3;1;19;16;;70;2;1;;2;1;1;1;1;7;4;1;3;3;6;1;1;1;;;;;;1;12;1;;1;1;1;2;1;23;;9;1;1;;;5;;7;;20;1;;3;;;;1;;2;1;;1;5;1;2;;;11;2;3;1;;;;;;;3;2;1;1;2;6;27;2;5;3;;;;1;;1;7;4;6;;;;;1;1;1;1;6;4;3;2;2;1;;5;3;;2;;2;2;2;1;;9;;1;;2;2;1;;;;;;;;
33661-4130;2;16;21;;;3;38;2;1;;13;20;20;1;1;6;10;13;15;2;;;1;2;2;2;2;2;2;;;;3;;;12;;;;;;;;;;;8;6;1;1;2;;1;;1;;;;16;;;1;;;;;;;2;;1;;1;1;2;;;;;7;1;4;;1;1;;;;1;;;1;;;1;10;1;5;3;;;;;;;;;1;;9;5;;1;;1;1;2;;;;;;;1;1;2;;9;1;1;1;1;;4;;;;;;2;;;;;;;;
31344-4605;1;24;;8;7;14;66;1;8;2;42;47;;3;1;12;14;;28;2;6;2;1;;;;;5;2;1;7;6;3;1;1;;7;2;1;5;5;;6;;1;2;;;6;;26;;15;;12;8;6;4;;6;4;9;1;3;2;1;;;1;;7;2;5;3;8;4;2;2;2;37;6;25;2;15;10;8;6;1;6;3;1;7;2;3;2;32;;28;19;12;8;8;1;;1;8;4;4;1;;;1;;2;;;3;;;;;;1;;3;6;;;7;2;4;4;2;13;2;5;2;1;1;;1;2;;;1;;;
30990-4604;2;16;1;;7;4;80;1;;;16;16;;3;2;9;10;3;90;2;2;;1;2;1;2;2;1;5;2;;;1;1;1;1;;;;;;3;3;;;;;;3;4;2;;1;1;;;;;;3;;24;;1;4;1;;;1;1;;;;;4;;2;;;4;;1;;;;;;1;;1;1;;;;3;7;3;1;;;;;1;1;;;;;;;;;2;;2;2;5;3;1;1;1;1;;2;2;1;;1;2;3;1;;1;18;;7;3;1;1;1;;;1;1;;;;
22222-4130;3;28;14;2;;1;82;3;7;;43;44;;1;1;7;6;2;31;3;2;2;;3;3;1;1;;10;4;2;2;1;;;3;1;;;1;1;;13;;1;2;9;2;1;5;21;;19;2;8;5;3;;;5;;20;4;2;3;;1;;3;3;7;1;1;;19;2;2;4;4;16;9;8;6;3;1;1;1;1;;7;6;;2;;2;38;10;15;8;3;1;1;6;6;2;1;1;3;;;;;1;;1;1;2;2;1;1;1;1;;4;1;1;;2;4;1;4;2;;8;2;;;;;3;1;;;;1;;;
31640-4605;5;27;;2;;4;40;2;;;3;12;;2;1;3;11;1;29;5;;;5;;;1;;4;;;1;;8;5;4;;2;;;2;2;;12;1;;;;;2;2;1;;1;;;;;;;7;1;12;1;2;4;;;;2;;;;;;;;;;;1;;1;;1;1;;;;1;;;2;;1;1;3;;1;1;1;1;;;;;;;2;;;;1;;1;;;;;;;;;1;;2;2;2;;3;;3;1;3;7;1;;;4;3;;;;;;;;;
34850-4130;2;18;;2;13;5;77;1;3;;21;21;1;4;3;27;13;;52;3;5;1;1;1;1;1;1;4;4;1;;;1;1;1;;2;4;2;2;2;1;6;2;;;;;2;6;9;;8;;2;1;;;;2;;18;1;2;7;1;1;1;1;1;3;2;;;6;1;1;;;5;1;2;1;1;;;;;;;;1;;;;13;2;4;2;1;;;;;;1;;1;1;1;1;1;2;1;3;2;8;4;2;2;2;1;;3;3;1;1;;1;2;3;2;1;13;1;4;3;2;1;1;1;;;2;1;1;1;
31513-4605;1;21;;2;;1;57;2;4;;34;28;;2;1;2;13;;24;2;6;6;1;;;;;4;1;;8;6;3;1;1;;1;;;;;;7;2;;2;;;;1;9;;7;;;;;;;6;;7;;2;2;1;1;1;2;;3;1;;4;8;;1;;;12;4;5;1;3;1;1;;1;1;2;1;1;2;;;21;1;6;4;3;1;1;1;;1;3;1;2;;;;;;;1;;;;;;;;;;2;1;;;1;1;4;1;1;5;2;2;2;1;1;;2;;1;;3;4;2;
23754-6398;1;8;;;;;28;1;10;;27;18;;1;1;5;6;;16;2;4;;;1;1;1;1;2;2;1;1;;2;;;;;;;;;;3;;;;;;;;7;;5;;2;;;;;5;3;7;;1;;;;;1;;9;5;;1;5;;1;3;3;6;;;;;;;;;;;;;1;;2;13;;4;;;;;;;;;;1;2;;;;;1;;;3;2;2;1;1;;1;;1;3;;;;;1;;;1;;1;;;;1;;;2;1;;;;
27708-4605;2;11;;;;1;33;1;2;;20;21;;3;3;7;10;;27;3;7;;1;1;1;2;1;4;2;;2;2;2;1;1;;;;;;;;4;;;;;;1;2;10;1;5;;;;;1;;2;;8;1;;3;2;;;1;1;1;;;;2;1;;;;5;;3;;2;2;1;1;;;1;;1;6;;1;13;1;2;1;1;1;;1;;2;4;1;4;;;;;3;1;3;3;5;4;3;3;3;2;;;3;;2;;4;;4;2;2;10;3;5;3;1;1;1;;;2;4;;;;
36577-6398;4;10;;;;;38;2;;;13;16;;5;5;18;9;;33;4;1;;2;3;3;3;3;;2;1;1;1;2;2;1;;;;;;;;3;;;1;;;;;5;1;3;;;;;;;4;;8;1;;3;1;;;2;2;;;;;1;;;;;2;1;;;;;;;;;2;1;;;;2;11;;2;;;;;2;1;;;;;;;;2;1;1;2;;13;8;3;3;3;3;4;;3;2;1;;2;2;;;1;9;;4;2;1;1;3;;;;1;;;;
26983-4605;1;4;;;;;10;1;;;1;5;;1;1;2;2;;10;1;;;;1;1;1;;1;;;;;1;1;1;;;;;;;;3;1;;;;;;;2;;;;;;;1;;;;4;1;;;;;;1;;;;;;1;;1;;;1;1;1;1;;;;;;;;;;;;;1;;1;1;;;;;;;1;1;;;;;;;;;;2;2;1;1;1;;1;;1;;;;1;;1;;;;;;;1;;1;;;;;;;;
28022-6388;1;13;;;;;24;1;1;;5;14;3;2;2;28;11;;6;1;2;;;1;1;;;7;1;;3;1;2;;;;;;;;;;8;5;;2;;;;;5;;3;;1;1;1;;;3;;3;1;;1;;;;1;;;;;1;;;;;;3;;2;;1;1;1;1;;;;;;2;;1;5;;2;1;1;1;1;;;1;;;;;3;;;1;;2;1;13;8;5;2;1;1;1;3;1;1;;;3;;;;;3;;1;1;;;1;;;;2;;;;
3371-6398;1;9;3;;;;16;;;;1;3;;;;;;;4;1;;;;1;;;;;1;;;;;;;1;;;;;;;7;;1;;3;1;;1;;;;;;;;;;;;3;;;1;;;;;;;;;;1;;;;;;;;;;;;;;;;;;;;;1;1;;;;;;;;;;;;;;;;;;;;;;;;;;;;;;;;1;;;;;2;;;;;;;;;;;;;;
31233-4605;2;22;6;;5;2;40;;4;;26;22;12;3;1;11;18;4;47;3;3;2;2;1;1;2;;2;1;;3;1;5;1;;3;;2;1;;;1;5;;;;3;2;2;1;;;;;;;;;7;5;3;7;1;;1;;;;;;3;;1;;5;;2;;;5;1;2;1;2;1;;;;;3;1;;1;2;;14;1;3;2;2;1;;3;1;;2;1;2;1;9;7;;1;2;1;1;;;;;;;;3;2;8;1;4;4;;;;1;12;;7;3;;;1;;;1;;1;1;1;
33260-4604;4;23;1;;;1;75;1;1;1;5;17;;2;2;11;18;;58;4;4;;3;2;2;1;;4;5;;3;1;2;3;3;;;;;;;;8;1;2;;;;;5;3;;2;;;;;;;6;1;23;2;2;7;3;;;1;;1;;1;;1;;1;;;2;1;;;;;;;;1;;;1;;1;;4;;1;;;;;;;;;;5;3;;;;1;3;1;;2;1;1;1;1;1;1;2;2;5;3;;4;1;7;1;3;15;2;7;3;3;1;2;1;1;;;;;;
27328-4130;1;18;12;1;1;2;60;1;13;1;48;37;9;1;1;5;11;5;24;5;10;7;;1;1;;;1;8;2;2;2;2;;;6;1;;;1;1;1;10;;;2;8;5;1;1;19;;18;;5;3;2;;2;1;1;12;1;1;4;2;5;2;1;;12;2;;;4;;1;6;6;14;1;6;1;4;2;;;;1;;;1;2;;;34;;10;6;4;2;;;;1;1;1;1;;5;4;1;;;;;1;1;1;1;;;1;2;1;3;;4;2;;2;1;2;11;1;5;2;;;1;3;1;;1;7;2;2;
31161-4605;2;35;12;;10;16;91;2;1;4;33;35;7;2;1;12;15;9;41;2;11;4;;2;1;;;9;7;2;2;2;1;;;8;;2;;;;2;12;4;2;;4;2;7;18;19;3;10;5;2;1;1;;;5;2;12;1;;3;;4;3;2;2;1;1;;1;9;2;1;;;11;;6;;5;3;1;;;1;1;1;2;2;;4;21;7;8;5;4;2;;1;1;1;1;;1;2;3;3;1;;1;1;;2;;;;;;1;5;2;3;;6;1;2;1;1;;12;1;3;1;;;1;2;4;1;3;3;3;2;
21340-6398;1;15;6;;27;5;75;2;2;;16;27;1;3;2;4;7;1;33;2;6;5;;1;1;1;1;2;7;2;;;;;;;;;;;;3;11;1;3;;3;;3;15;16;4;9;3;;;;;;3;;17;;1;5;1;4;3;2;1;2;2;;;9;2;2;;;1;;;;;;;;;;3;2;1;1;;9;13;5;;;;;;3;2;1;;;3;;;;;1;1;2;1;2;2;2;2;1;1;1;3;3;2;;;1;2;1;1;1;13;;2;1;;;1;4;;;;5;4;4;
31980-4604;2;18;1;;1;3;61;2;4;;18;20;;3;3;9;13;;25;2;;;1;1;1;;;;4;1;1;1;;1;1;;;;;;;;7;;1;1;;;2;1;8;;5;;1;;;;;7;2;12;1;1;1;;;;1;1;4;;;;2;;1;;;6;1;3;1;2;;;;;;4;1;;;;2;15;1;5;2;1;;;2;;;;;1;;;;;1;;3;1;4;3;3;1;1;1;2;2;2;5;1;;1;;1;1;;5;;2;;1;;2;;;;;;;;
36240-6398;3;9;;1;1;3;34;1;1;;10;13;;3;3;9;8;;32;2;1;1;2;1;1;1;1;2;;;;;;1;1;;1;;;1;1;;4;2;;;;;;;4;;2;;1;;;;;1;;6;;1;1;1;;;1;;1;;;;2;;;1;1;3;1;2;1;;;;;;;;;;;;;8;1;2;1;;;;;;;;;;;;;;3;;3;3;5;2;;;;;;1;2;1;1;;1;1;1;1;;4;;1;1;1;1;1;;;;1;;1;;
36196-6398;1;13;9;;;2;25;;;;1;4;;2;;8;9;7;14;1;;;;1;1;;;2;;;1;1;2;;;3;;;;;;;3;1;;;5;3;1;1;2;;;;;;;;;3;1;3;1;1;;;;;;;;;;;;;;;;1;;;;;;;;;;;;;;;;1;;1;;;;;;;;;;;;;;;;;;;5;5;2;2;1;1;;;2;1;;4;3;1;1;;;3;;;;;;1;;;;;;;;
31068-7118;2;14;1;;7;2;49;1;5;;21;22;;1;1;10;8;2;16;2;10;;;2;2;1;1;4;1;;1;1;1;;;;;3;;;;1;7;2;1;1;;;1;;9;;7;;;;;1;;5;2;5;;;2;2;;;1;1;5;2;;;3;2;1;3;3;4;1;3;;2;1;1;;;2;1;;2;5;;;15;;3;3;2;1;1;;;5;5;1;1;3;;;1;;;;;6;3;2;2;1;1;1;2;;2;;;3;;3;1;;6;3;5;4;;;2;;;;;;;;
30776-4605;;30;10;6;11;11;145;;1;2;51;59;8;2;1;9;21;3;38;;28;11;;;;;;;20;2;2;;1;;;8;3;;;4;2;;15;;9;;5;4;8;13;32;3;22;2;6;3;3;3;5;8;2;21;1;1;4;3;9;4;;;1;;;;9;3;;;;16;1;6;1;4;3;3;2;2;;6;4;1;4;2;5;44;7;12;6;4;3;3;4;2;2;3;3;1;1;6;4;1;;;;;3;1;1;1;1;1;;8;2;3;2;2;1;;2;1;1;7;;4;1;;;;6;2;2;7;5;6;2;
36375-7098;1;10;;;16;5;41;1;9;;42;30;;1;1;20;4;;9;3;;;;1;1;1;1;;;;2;2;;;;;;9;6;;;1;4;;;;;;3;3;20;;17;;3;1;;3;;1;1;4;;;;;;;1;1;8;1;;2;2;;;2;2;9;;5;;2;2;1;1;1;;2;1;;;;;28;1;7;4;2;2;1;;;;4;3;1;;;;1;;;1;;5;1;;;;;1;;;1;;;;;;;;1;;;;;;1;;;;;;;;
29626-4605;1;12;;2;;3;20;1;1;;8;9;1;2;2;7;7;;17;1;2;1;;1;1;1;1;4;2;1;1;1;3;;;;2;;;1;1;;5;2;1;;;;1;1;3;;1;;1;1;;;1;;;2;;;;;1;1;1;;1;;;;;;;;;6;;4;;2;1;1;1;;;;;;;;;5;;4;3;1;1;1;;;;;;;;1;1;1;1;;2;1;5;3;3;3;3;1;1;1;1;1;1;;1;;2;1;2;3;;2;;;;1;1;;;1;1;1;1;
36030-7118;1;16;;;3;2;64;2;10;;44;47;3;2;1;5;4;;34;1;8;;;1;1;1;1;1;2;;2;2;2;;;;;1;;;;1;10;1;;;;;1;4;22;;16;3;3;2;1;2;;3;;13;;1;3;;;;2;1;10;5;;;12;3;1;6;6;5;1;2;;1;;;;;;3;2;;2;2;2;34;6;5;2;1;;;1;1;1;4;2;1;4;1;1;1;;;1;;1;;;;;;1;1;2;;;;3;;2;;;9;1;4;1;;;1;4;;4;1;;;;
31408-4605;2;12;4;;;6;29;2;3;;13;15;1;;;;4;1;23;2;3;1;1;2;2;2;2;1;7;3;;;;1;1;1;;;;;;;6;;4;;;;2;;10;1;7;1;;;;;;4;;15;5;2;;;;;2;2;3;2;;;7;3;1;;;;;;;;;;;;;4;2;;;;4;10;4;;;;;;4;2;;;;;;1;1;;;;;;;;;;;;;2;;;;;5;1;2;1;;4;;2;1;1;1;2;1;;;2;;;;
22469-7274;1;13;11;3;7;6;83;3;9;;43;54;1;4;3;28;12;1;25;1;17;19;;1;1;1;1;1;3;1;;;1;;;3;1;2;;2;1;1;9;1;2;;11;3;4;3;37;8;22;8;;;;;;6;;13;;;2;1;13;8;3;2;9;1;1;;16;;1;1;1;1;;;;;;;;1;;8;6;;2;;13;35;15;;;;;;7;6;1;;;;;1;1;;2;;3;2;17;14;10;8;6;4;1;6;4;1;;;;1;;;;5;;1;;;;1;3;;;4;12;8;5;
24108-4130;2;12;;;;2;32;2;5;1;17;15;;2;2;5;9;;20;2;3;;1;1;1;;;4;2;;1;1;3;2;2;;;;;;;;6;3;;;;;1;1;8;;5;;1;;;1;;3;;7;;1;2;1;;;2;1;5;;;1;1;;;1;1;3;;2;;2;1;1;;;;;;;2;;;11;1;2;1;1;1;1;;;;1;1;1;;;;;1;;2;1;5;2;2;1;1;;1;1;2;;1;;2;1;1;;2;3;;1;;2;1;1;;1;;1;;;;
31769-4604;1;29;19;5;7;8;61;3;;6;29;43;32;4;1;7;11;5;50;1;14;10;1;1;1;1;1;9;3;1;4;2;8;;;10;5;1;;5;5;1;5;1;;1;5;2;;2;4;;2;;2;1;1;1;14;5;1;8;;1;3;1;5;2;3;2;;;;2;1;;;;;16;;8;;4;3;3;2;2;1;4;3;3;1;2;1;20;1;10;4;2;1;1;2;2;1;8;2;5;3;24;10;1;;2;1;;1;;;;;;1;1;4;3;1;1;1;;4;2;2;15;2;7;2;;;1;;6;;1;7;5;2;
27888-4130;7;23;8;1;14;4;65;7;1;;27;37;1;3;2;16;17;1;35;5;;2;4;3;3;1;1;4;;;2;1;2;;;3;;6;1;1;;;5;2;;;3;;2;12;16;;11;;5;3;2;2;;6;1;13;;;7;3;2;2;6;2;1;;;1;;;;;;16;;8;;3;1;1;1;1;2;3;1;2;;1;1;22;;14;7;2;;;2;;;6;5;1;;;;1;1;;1;1;6;3;2;2;1;1;;1;2;1;4;1;;2;2;;1;21;;9;1;1;1;3;;;;;;2;;
31090-4605;2;28;;6;48;14;127;2;6;2;26;32;1;4;4;13;16;;77;3;3;;1;2;;1;1;;15;7;;;;1;1;;6;26;15;6;6;3;15;;11;;;;4;7;22;14;7;5;;;;;;6;;35;2;2;9;4;;;2;;6;2;;;16;3;3;1;1;2;1;1;1;1;;;;;;3;3;;;;19;9;7;;;;;;3;2;;;;;3;1;;2;1;1;2;1;6;3;3;3;1;1;2;9;3;1;;;3;6;2;;1;25;;6;1;1;1;;1;2;;;;;;
30989-4604;3;18;3;1;;2;58;1;;;7;11;;2;2;10;12;;29;3;;;3;;;;;;8;2;;;1;2;2;2;1;;;1;1;;9;;3;;;;1;8;7;3;4;1;;;;1;;8;1;18;1;2;5;;;;1;;;;;;6;3;2;;;;;;;;;;;;;4;4;;;;6;7;6;;;;;;4;4;;1;1;;;;;;1;1;2;1;3;1;1;1;1;1;1;8;2;2;;;4;1;2;1;2;7;;1;;3;3;;;;;;;;;
19254-6389;1;14;1;4;6;7;59;3;4;1;25;26;3;3;2;13;10;;25;1;11;4;;1;1;;;1;2;;;;1;;;1;3;3;2;1;1;3;6;1;1;;1;1;4;2;18;2;13;1;3;3;2;;;6;;7;;;3;;3;2;3;1;4;;2;1;2;;;1;1;10;;6;;4;1;1;1;;1;2;1;2;3;;3;20;1;8;6;4;1;1;2;1;1;;;1;1;2;2;;1;1;2;1;8;4;2;2;2;2;1;3;3;1;2;;2;;1;;2;6;;3;;;;1;3;1;;2;4;3;3;
32869-5714;2;25;21;3;;5;49;2;12;;32;34;;3;1;7;9;;80;2;1;2;;2;1;2;1;5;2;;4;4;9;;;8;3;;;3;3;;4;1;;;16;6;2;12;6;;6;;6;2;2;;;1;;17;1;2;4;;;;;;5;;1;2;;;;3;;28;;16;;12;8;7;6;6;4;7;7;4;;;;27;;25;15;11;8;7;1;1;;1;;3;;;;1;;;1;;3;2;1;;;;2;;3;;4;;6;;8;6;1;23;1;7;2;;;1;;;;;1;2;1;
21888-7274;2;16;2;4;;5;37;1;6;;25;28;;2;2;40;10;;29;2;;;;2;2;;;;2;1;3;2;3;;;1;4;;;4;4;;10;;1;1;1;;1;1;8;;7;1;2;2;1;;;3;2;6;;1;3;1;;;1;1;6;4;;1;6;;;2;2;5;;4;;2;1;1;1;;1;1;;1;;;2;19;2;5;4;2;1;1;;;;2;1;3;;;;1;1;2;2;1;10;2;;;;;1;1;1;3;1;;2;;3;2;2;11;1;4;;;;2;;;;;;;;
31618-6388;1;18;1;3;1;4;58;1;4;;25;43;13;1;1;9;5;;35;1;6;;1;;;;;2;3;1;5;2;4;;;;2;;;2;2;1;8;2;1;2;;;2;2;22;1;11;;4;1;1;3;;3;1;14;1;1;2;;;;;;3;1;;;6;1;1;1;1;12;3;7;1;4;2;1;1;;;;;1;5;1;5;23;1;12;7;4;2;1;;;2;8;3;1;1;11;4;;1;;1;1;1;;;;;;;1;1;1;;;3;1;2;1;1;7;1;2;1;1;1;;1;;;3;;;;
36276-6388;1;13;1;;;;77;;1;8;11;22;;1;1;11;5;;43;1;13;3;1;;;;;5;2;1;;;4;1;1;;;;;;;;3;1;;;;;;4;10;1;4;;4;;;;;;;9;;;4;3;1;;;;;;;;1;;1;;;7;;2;;1;1;1;1;;3;;;5;3;2;1;10;1;7;2;1;1;1;;;;1;;1;3;;;;1;;1;1;7;6;4;2;2;1;;;1;;2;;4;1;5;2;2;19;4;9;4;1;1;;;6;;5;3;;;
30797-4130;3;16;2;1;2;2;56;1;1;;19;27;2;2;2;19;9;;40;4;12;15;2;2;1;2;1;5;1;;;;;1;1;1;1;;;1;1;;6;2;;;;;1;2;11;;7;;3;2;2;;;2;;13;1;;2;;9;;1;;1;;1;;2;;;;;7;1;2;1;2;1;1;1;1;1;3;1;1;;;4;15;1;4;2;2;1;1;2;1;;;;1;;1;1;1;;;;;6;4;3;1;1;1;2;1;2;1;2;;1;1;;;;8;;;;2;1;1;;;;;11;3;1;
22418-4130;4;28;16;5;;6;153;3;5;16;50;37;33;3;2;26;21;14;63;6;32;31;4;1;;1;1;2;11;2;1;;;2;2;13;3;;;4;3;;7;1;2;;11;10;3;11;3;;2;;;;;;21;5;2;17;;1;3;1;22;10;2;1;5;;1;1;10;;;1;1;7;2;3;2;1;;;;1;;5;4;;3;;5;21;3;3;2;;;;4;3;;2;2;1;3;23;12;1;1;3;2;1;9;4;2;2;1;;1;5;3;8;1;13;;3;2;;;14;;6;2;4;3;1;3;16;;;25;13;11;
21393-4605;1;10;;;15;4;81;2;3;1;17;35;;;;;3;;15;1;8;2;1;;;;;2;5;;2;;1;1;1;;;4;;;;;7;1;3;;;;2;17;15;5;2;;;;;1;;1;;5;;2;1;1;1;1;2;1;3;;;1;1;;;1;1;6;1;3;;1;;;;1;;4;2;;;;16;8;;2;1;1;;;1;1;;1;;2;2;;;;;;;;;;;;;;;2;;;;;;2;3;2;;3;;1;;1;1;;1;1;2;;1;1;1;
30627-4604;;12;1;1;3;2;59;1;2;;10;12;;4;3;43;12;;37;;4;4;;;;;;1;2;;;;4;;;1;1;2;;1;1;;10;;1;;;;2;;8;;6;1;1;;;;;4;2;12;;;1;;3;2;1;;2;1;;;4;;1;1;1;3;;;;;;;;;;4;3;1;1;;1;9;3;3;;;;;4;3;;;;;;;;1;1;1;3;1;17;9;6;1;1;;2;2;4;5;;;;;;;2;3;;1;;;;;1;;;1;2;2;2;
28338-7118;;6;1;;2;2;22;1;4;;17;13;3;;;;2;1;7;;10;1;;;;;;;;;;;;;;1;;;;;;1;;;;;;;2;2;7;;5;;3;3;2;;1;1;;4;;1;;;;;1;1;4;;;;1;;;2;2;5;1;5;1;4;2;2;1;1;;2;2;;3;1;;9;;5;5;4;2;2;1;1;1;;;;2;2;2;;;;;;;;;;;;;;;;;1;1;;1;;;;;;;;;;;;2;2;1;;;
15669-6398;1;8;;1;;3;40;;2;1;9;14;;1;;2;9;;23;1;2;1;;1;1;;;2;;;3;2;2;;;;;;;1;;;5;;;1;;;2;2;5;;2;;;;;2;;5;;5;1;;1;;;;;;2;1;;2;2;;;2;2;7;1;3;;3;3;2;;;;1;1;;;1;;8;;6;3;3;3;2;;;;2;;2;;;;;;1;;;1;1;1;1;1;1;;1;1;;1;;1;;3;2;1;8;1;5;3;;;1;;1;;1;1;;;
35720-6398;2;22;1;;5;5;81;1;13;3;57;44;2;2;1;41;12;;42;2;21;;2;1;;1;1;1;;;7;7;1;;;;;;;;;;16;1;;6;;;5;4;14;;13;1;3;;;;;4;;13;;;4;1;;;1;1;13;2;4;;7;1;;;;15;;4;;2;1;1;1;1;;5;3;1;10;;1;35;2;9;1;1;;;1;;2;;;2;1;1;;;;1;1;;21;10;6;1;1;1;;1;2;1;3;;;2;;;2;9;;2;2;2;2;;1;2;3;3;;;;
28170-7118;2;14;3;;;6;28;1;;1;11;15;;2;1;21;10;;20;2;2;;2;1;1;1;1;4;3;;3;3;2;1;;3;;;;;;;7;3;1;1;;;3;1;2;;1;1;;;;;;3;;10;4;;2;1;;;1;;;;;;1;;;;;6;;2;;1;1;;;1;1;2;;3;;1;;10;1;6;2;1;1;;1;;;1;1;2;1;;;;1;1;1;1;8;4;2;1;;;;1;2;2;2;;7;;4;2;2;7;1;3;1;1;1;1;;1;;;;;;
28450-4604;1;3;;;;1;17;3;5;;10;14;;3;1;5;5;;10;3;;;1;;;;;1;;;1;;;1;1;;;;;;;;1;1;;;;;;;4;;;;;;;1;;1;;4;;;3;1;;;3;;5;1;;;1;;;2;2;2;;2;;2;1;;;;;;;;;;1;4;;1;1;1;;;;;;1;1;1;;;;;1;;1;1;4;4;3;3;3;3;;1;2;1;2;;;1;1;1;3;4;;1;;1;1;;;;;;;;;
26859-6398;3;25;5;3;2;6;130;5;5;8;65;63;20;2;2;26;15;6;70;5;15;18;2;2;2;3;1;3;7;1;2;1;2;2;;1;3;;;3;3;;9;2;2;2;5;1;;7;18;;9;1;2;2;;1;13;2;;32;;;9;2;13;5;2;1;5;1;;;14;1;1;2;2;15;5;8;2;1;1;;;2;1;6;4;1;1;1;3;39;5;13;8;1;1;;1;;;3;3;1;;17;14;1;1;2;2;1;12;7;3;2;2;;1;4;2;1;1;5;1;2;2;1;;19;2;5;1;;;3;2;8;;2;12;8;6;
28034-4604;3;14;1;3;;6;31;1;1;;7;10;1;2;1;9;4;2;20;3;2;;;3;3;1;;2;3;1;1;1;3;1;;1;3;;;3;3;;8;;1;;1;1;4;1;4;;2;;2;;;1;;;;5;;;2;1;;;1;1;1;;1;1;1;;;;;7;1;3;;1;1;;;;;;;;2;;;5;;5;2;1;1;;;;;1;;2;;1;1;1;;;;;3;2;2;1;;;1;1;2;;;1;1;1;;;;6;;2;1;;;3;;;;;;;;
31294-4130;2;25;13;1;46;8;139;9;8;3;79;89;1;2;1;17;20;10;96;3;10;11;2;;;1;;5;2;;1;1;5;1;;1;1;13;4;1;1;4;12;2;1;1;7;;3;1;42;1;30;;25;16;13;1;;13;4;32;;4;7;4;7;2;8;3;7;1;2;1;17;;3;2;2;54;12;38;8;31;24;18;14;4;4;6;2;8;2;2;4;61;3;47;33;30;23;17;1;;1;3;2;4;1;1;;1;;3;1;;2;;;;;;1;1;2;7;4;2;6;5;9;6;1;22;2;5;1;1;1;1;1;2;;4;4;3;1;
36202-7274;1;8;2;;;2;24;1;;;9;13;;3;1;17;7;1;14;1;2;;;1;1;1;1;;;;1;;1;;;1;;;;;;;5;;;1;1;1;;1;4;;1;;;;;;;;;5;;;;;;;1;;;;;;;;;;;2;;1;;;;;;;1;2;1;2;;;2;5;;1;;;;;2;1;;1;1;1;2;;;1;;;1;;6;2;;;;;2;2;1;;;1;;;2;;2;3;1;1;;;;1;;;1;;;;;
18163-6398;;4;;;;;23;1;;;3;6;1;3;2;24;11;1;21;;;;;;;;;2;;;1;;1;;;;;;;;;;1;1;;;;;;2;2;;;;;;;;;3;;6;1;;3;;;;1;1;;;;;;;;;;;;;;;;;;;;1;1;;;;;2;;;;;;;1;;;;;3;;;;1;;;1;;7;1;1;1;1;1;3;1;3;1;;1;1;;;;;6;;2;;;;;;;;;;;;
36163-6388;3;12;;3;;2;39;2;10;;24;24;;1;1;11;8;;29;3;3;;;3;1;;;;1;;;;2;;;;1;;;2;1;;6;;1;;;;1;;7;;6;;4;1;;;;3;1;4;;1;;;;;2;;7;1;1;1;1;;;1;1;12;;5;;4;4;3;3;1;1;1;;1;;;4;13;;9;4;3;3;3;;;;1;;1;1;;;;1;1;1;1;4;1;1;1;;;;1;1;1;1;;3;;1;;;5;;1;;;;1;;;;;;;;
36182-6398;1;15;15;;;1;46;1;11;1;54;36;3;1;1;5;6;3;14;5;3;1;1;;;;;3;3;;3;3;1;1;1;7;;;;;;;3;;;1;13;3;1;2;17;2;15;;7;3;1;;;;;5;;3;1;;;;1;;8;4;;1;8;2;2;1;;20;2;11;1;5;4;2;2;;2;1;1;2;1;1;3;32;;15;6;1;1;1;;;;3;3;;;1;1;;;;;;2;2;1;1;1;1;1;;1;1;;1;1;;4;3;;3;;2;1;1;1;;;1;;;;;;
31475-4604;2;12;6;3;;3;81;1;1;3;13;16;;3;1;2;9;1;9;2;12;14;1;2;1;2;2;4;1;;2;;1;1;1;3;1;;;1;1;;4;;;1;3;1;3;1;10;;6;1;1;1;;;;4;1;3;;;;;9;4;1;1;1;1;;;2;;;;;2;;2;;;;;;;;;;;1;1;;8;1;1;1;;;;;;1;;;2;;;;;1;;1;1;1;1;;;;;1;1;2;2;;1;2;1;;;;1;;;;1;1;1;1;3;1;7;9;9;4;
22475-4605;2;15;;4;;4;76;5;4;;27;39;;2;1;3;11;;70;2;1;;1;1;1;2;1;4;2;1;1;;3;1;1;;4;;;4;4;;7;2;;;;;1;2;16;;8;;4;1;;3;;2;;23;1;;4;1;;;5;3;4;;1;3;3;1;1;2;2;14;2;3;1;1;1;1;1;3;2;3;3;6;;;4;21;1;13;2;;;;1;;;7;4;2;1;;;1;;;;;;;;;;;2;1;2;1;;;4;2;5;1;2;13;1;3;1;1;1;2;;;;;;;;
30779-4130;3;24;25;5;8;8;50;3;4;;17;30;26;3;2;18;11;18;25;3;6;1;;2;1;3;2;5;2;;3;;1;1;;12;2;;;4;2;;4;;;1;5;4;3;3;8;;6;;3;1;1;;9;1;;5;;;;;1;;3;1;4;2;1;;3;1;;2;2;8;1;4;;2;1;1;;;1;1;;2;3;2;2;12;;7;3;2;1;1;;;1;;;1;1;6;4;1;1;;2;1;13;6;3;1;1;1;;1;3;;;5;;1;;;;1;;;;;;2;;;4;2;1;;;
28517-4604;4;30;;1;;1;122;6;8;;54;65;;2;1;14;12;;54;4;7;2;3;3;3;2;1;5;1;;2;2;5;2;2;;1;;;1;1;;14;;;1;;;;11;34;;22;2;7;1;1;1;;5;2;20;;;4;1;2;2;6;2;8;4;;2;12;2;2;;;14;2;3;1;2;1;;;2;2;6;5;3;5;1;1;41;4;14;3;2;1;;3;3;1;6;4;4;;;;;1;1;1;1;2;1;;;;;;1;1;5;2;;3;;1;1;4;9;1;2;;3;2;3;1;;1;2;1;2;1;
11091-6388;1;13;;6;5;8;56;;2;;22;23;;1;1;15;8;;36;1;3;3;1;;;;;3;;;2;1;2;1;1;;5;;;5;5;2;2;;;1;;;3;1;12;;9;;5;4;3;;;4;1;10;2;;2;1;2;1;;;1;;1;;5;2;;;;13;2;9;1;7;6;5;4;2;2;2;1;2;;;;17;;12;9;7;6;5;;;;;;3;;;;;;;1;;5;1;;;;;1;;1;3;2;;2;;2;2;1;14;2;5;2;1;1;;;;;;1;2;1;
22293-7098;;4;;;11;4;18;1;5;;29;18;1;1;1;3;2;;25;;4;;;;;;;1;;;1;1;;;;;;3;1;;;1;;;;;;;;1;1;;1;;;;;;;1;;4;;;;;;;1;1;5;1;;;1;;;2;2;5;;4;;3;3;2;;1;;3;1;1;3;;;15;;2;2;2;2;1;1;1;;2;2;;;1;1;1;;;;;;;;;;;1;1;;;;;;1;2;1;;8;1;4;3;;;;;;2;1;;;;
13420-6398;1;24;;2;1;3;83;1;7;;56;39;2;2;1;25;16;;83;1;5;;1;;;;;2;5;3;1;1;3;;;;2;;;1;1;1;14;2;3;1;;;3;3;13;;12;;3;1;1;;;5;2;34;;3;10;5;;;1;;7;2;;1;7;1;2;;;13;1;6;;4;1;;;1;1;8;7;3;4;;4;33;2;10;4;3;1;;6;5;1;1;;1;;1;;;;;1;;11;7;2;;;;1;4;1;4;;;1;8;4;2;4;20;1;9;5;1;1;;;;2;1;;;;
21911-4130;;13;;;3;2;41;1;;;7;13;;1;1;6;4;;28;;3;1;;;;;;2;1;;1;;3;;;;;;;;;1;6;;;1;;;1;1;9;;2;;1;;;2;;2;;11;1;1;4;;1;1;1;1;;;;;2;1;;;;1;;;;;;;;;;;;1;1;3;;3;1;1;;;;;;;1;2;;2;;;;1;;;;;1;1;;;;;1;;1;;;;3;;1;;;6;;;;;;;1;;;1;1;1;1;
31368-4130;3;19;1;1;18;5;61;1;;;18;19;1;;;;1;;30;3;8;5;2;1;;1;1;1;5;1;;;1;1;1;;;4;2;1;;2;8;1;2;;;;2;2;11;;10;3;3;1;1;;;;;12;1;;2;1;2;;1;1;;;;;8;5;;;;7;2;1;;1;1;;;1;;3;1;;1;;1;17;7;7;1;1;1;;3;1;;;;;1;;;;;;;;;;;;;;;1;;;;;2;2;1;;;7;;3;2;2;2;;;;2;;4;1;1;
36093-7274;1;7;;;;;25;1;;;9;12;;2;2;16;8;;13;1;;;;1;1;1;1;1;;;3;2;;;;;;;;;;;2;;;;;;;1;2;;;;;;;;;2;;7;;;1;;;;1;1;;;;;;;;;;1;;1;;1;1;;;;;2;;;;1;2;5;;;;;;;1;;;2;1;1;;;;1;1;1;2;1;6;4;3;3;1;1;1;5;1;;;;;;;;;2;;;;;;1;;;;;;;;
18070-6388;;13;;;;1;38;;3;;8;26;;1;1;3;3;;17;1;2;;;;;;;4;1;;4;2;2;;;;;;;;;;4;1;1;1;;;;1;12;;3;;;;;1;;1;1;5;1;2;2;1;;;;;1;;;3;;;;1;1;2;;1;;;;;;1;1;1;1;2;;4;1;6;;2;1;;;;;;;1;;3;2;;;;;;1;;1;1;1;1;1;1;1;;1;2;;;3;;5;;;4;;2;1;;;;;;2;;;;;
31438-4130;3;18;;5;;5;54;1;;;12;14;;3;1;15;16;;43;3;;;2;1;1;;;2;2;;1;1;1;1;1;;3;;;3;2;;4;1;;;;;1;21;3;;1;;1;;;;;8;4;16;;;8;3;;;1;;;;;;1;;;;;6;;3;;3;3;3;;;1;;;1;;;1;7;;4;2;2;2;2;;;;2;1;1;;;;;;5;1;;4;3;3;3;2;2;1;2;3;6;3;;;1;4;1;3;14;3;5;2;2;2;1;;;;;;;;
36002-6398;1;28;1;3;2;9;73;3;15;2;87;79;1;3;3;43;12;;58;4;4;1;1;;;;;3;1;;8;8;3;1;1;;3;;;3;3;1;6;;;3;;;4;3;40;;25;2;7;3;2;5;;5;3;5;;;1;;;;3;2;14;1;4;5;6;4;;3;3;30;2;13;1;9;5;2;1;2;2;7;4;2;2;;2;57;3;17;8;6;2;2;5;3;1;6;4;4;;1;1;1;2;1;3;2;11;3;2;1;1;1;1;1;3;4;;;1;;1;1;1;12;;1;;1;1;;1;1;;;;;;
31167-4130;3;28;1;9;28;13;79;2;8;;48;32;4;4;2;5;13;5;54;3;;;2;1;1;1;;1;9;2;1;;3;2;1;;7;9;5;6;5;2;10;;3;1;;;3;1;10;1;8;1;1;;;;;7;2;12;1;;4;1;;;2;1;8;4;;2;14;1;;1;1;13;2;7;1;5;1;;;2;;5;3;2;;;4;24;2;9;6;5;1;;2;1;;1;1;1;;3;3;;2;;2;2;;;;;;;;3;3;2;;1;4;2;1;;;14;;4;2;1;1;1;;;;;;;;
22507-4130;1;9;;1;5;2;59;1;3;1;15;14;12;1;1;5;5;3;25;2;7;9;;1;;;;;1;;1;1;1;;;;1;;;1;1;1;7;;;1;;;1;;6;;3;2;;;;;8;2;;9;;;2;1;5;3;1;;3;1;1;;4;;;;;3;;1;;;;;;;;2;1;;1;;1;9;3;1;;;;;2;1;1;;;;;3;3;;1;1;1;1;3;1;;;;;;2;1;2;;3;1;4;1;1;;11;1;5;1;;;;1;1;;;5;6;4;
35668-6388;1;12;1;2;;2;45;;1;;1;5;;2;2;21;9;;15;1;;1;1;;;;;;3;;;;;1;1;1;2;;;2;2;;9;;2;;;;;6;2;;;;;;;;;2;;6;;;;;;;;;;;;;;;;;;;;;;;;;;;;;;;;;1;;;;;;;;;;;1;;;;;;2;;1;;;5;1;;;;;2;2;1;1;;;;;;;;;;;;1;1;;;;;;;1;;
31698-7274;3;11;;2;;2;17;1;1;;4;5;;1;1;7;2;;2;3;3;4;2;1;1;2;1;3;2;;2;2;;2;1;;1;;;2;1;;8;2;;1;;;;;3;;2;;;;;;;1;;1;;;;;;;;;1;1;;1;2;;;1;1;;;;;;;;;;;1;;;;1;;4;1;;;;;;1;;;;;;;;;1;;;1;;1;;;;;;1;1;1;;;;;1;;;;;;;;1;1;2;;;;1;2;2;2;
36279-7098;1;5;;;;;12;1;1;;8;10;;2;;;2;;23;1;;;1;1;1;1;;1;;;1;;;1;1;;;;;;;;2;;;;;;;;;;;;;;;;;;;3;;;2;1;;;1;;1;;;1;;;;1;1;5;;3;;3;3;2;1;1;;2;2;;;;;3;;2;1;1;1;;;;;1;1;1;;;;;;;;;;;;;;;;;2;;;;;;;;1;6;;1;;1;1;1;;;;;;;;
30743-4605;3;12;3;;14;5;46;1;2;1;19;18;;1;1;3;5;;27;2;1;1;2;2;1;2;2;2;4;2;1;1;1;;;3;;;;;;;3;;2;;1;1;2;1;3;;2;;1;1;1;;;2;;13;1;1;3;;;;1;;2;;1;;1;;;;;6;;3;;2;1;;;1;;2;1;;;;;10;;3;2;1;1;;;;;2;1;1;;;;;;;;;1;;;;;;2;2;;1;1;;1;;4;1;1;4;1;;;1;1;1;;1;;;1;1;1;
22440-4604;3;15;5;4;2;4;24;1;;;6;7;;2;1;7;7;7;15;2;1;;1;1;1;2;1;;5;;;;1;1;1;3;3;1;1;3;2;1;5;;3;;2;1;1;1;3;;3;2;;;;;;;;5;;;2;1;;;1;1;;;;;4;;3;;;1;1;;;;;;;;;2;;;;;;6;3;1;;;;;2;;;;;;;;;;;1;1;;2;2;1;1;1;1;1;3;2;2;;6;;;;;;6;;4;3;1;1;1;;;;;;;;
36188-6398;2;27;5;1;;2;46;1;3;;30;24;5;1;1;6;8;2;43;2;14;4;;2;2;;;6;4;1;;;4;;;5;;;;1;;;9;1;;;3;3;;1;11;;10;2;3;3;2;;4;1;;11;1;;4;;;;1;1;3;1;;;4;1;;2;2;9;;7;;3;1;;;1;1;3;2;2;8;1;1;20;2;8;6;3;1;;;;1;;;2;;5;4;;1;;1;1;1;1;;;;;;;;;1;1;1;;1;1;2;12;;3;;;;2;1;;3;3;;;;
3602-4130;2;7;;;1;1;42;1;;;6;8;;1;1;2;4;;21;2;1;1;1;2;1;2;2;;3;2;;;1;1;;;;1;;;;1;1;;;;;;1;3;4;;3;1;;;;;;1;;7;;;1;;1;;1;;;;;;3;1;1;;;2;1;1;;1;;;;;;;;;;;;6;2;2;1;1;;;;;;1;1;;;;;;;;;;2;1;;;;;1;;;;1;;;;2;2;;6;2;2;2;;;2;;;;;1;;;
31361-4604;3;21;1;1;29;8;73;2;3;;29;33;;1;1;4;8;;53;3;11;1;2;2;1;;;1;4;2;1;;3;3;3;;1;7;3;1;1;4;8;;;1;;;4;1;12;;9;1;3;2;1;1;;3;;25;1;1;4;1;;;2;;3;;;;4;;;;;10;;3;;1;;;;;;4;3;1;4;1;4;22;2;9;3;1;;;;;1;2;1;1;2;;;1;;;1;;3;;;;;;1;1;1;;4;;2;2;4;1;1;7;;2;1;3;2;1;2;;4;4;1;1;1;
27941-4130;;20;5;;;1;91;6;35;;87;67;11;2;1;4;7;;38;4;2;3;;;;;;1;14;1;1;;2;;;1;;;;;;;12;;7;1;5;;;10;39;6;25;1;;;;3;8;5;1;22;3;2;;;3;2;6;3;34;12;8;;28;3;9;4;4;11;3;;;;;;;1;;21;18;;;;7;51;14;1;;;;;16;15;;7;6;;;9;8;1;1;2;1;1;2;1;;;;;1;4;1;2;;;5;3;3;2;;6;;2;1;;;;1;;;1;2;2;1;
37225-6388;1;6;;;;;20;;1;1;7;11;;1;1;4;3;1;11;1;6;;;1;1;1;1;;;;2;2;1;;;;;;;;;;4;;;2;;;;;4;;1;;1;1;1;;;;;2;;;;;;;;;;;;;;;;;;5;;3;;1;;;;;1;;;1;5;;;5;;4;2;1;;;;;1;;;;1;;;;1;;1;1;4;1;1;1;1;;;;1;1;;1;;;1;1;;3;1;1;1;;;1;;1;1;1;;;;
31753-7118;2;18;;1;;3;42;1;;;21;20;;2;2;7;9;;45;2;2;1;2;;;1;;1;1;;2;1;3;1;1;;1;;;1;1;;6;;;1;;;;3;5;;2;;2;;;;;6;1;10;;1;2;;;;1;1;;;;2;;;;;;8;;1;;1;1;1;1;;3;1;;3;;;;13;;4;1;1;1;1;1;;;2;1;3;1;;;;2;;2;2;4;2;2;;;;;3;2;3;;;3;1;3;2;;13;2;4;2;2;2;;1;;;;;1;;
31199-6388;2;15;;;;;98;1;13;;42;60;;6;4;95;23;;47;2;11;;2;;;;;;2;;1;;;;;;;;;;;;8;;;1;;;;13;27;1;21;2;8;4;1;2;;5;4;18;;;4;1;;;1;;11;;3;;7;;;6;6;15;3;4;2;1;;;;;1;2;1;2;7;1;2;32;4;11;4;1;;;2;1;3;5;2;2;2;;;3;1;3;1;1;38;23;11;8;5;4;3;1;4;12;;;;;1;;3;6;;2;;2;2;;;;;1;;;;
27804-4605;1;6;8;;;1;10;1;;;2;3;2;1;1;3;4;5;1;1;1;;;1;1;;;2;2;1;1;1;;;;5;;;;;;;1;1;;;5;3;;;;;;;;;;;1;;;1;;;;;;;1;;;;;;;;;;;;;;;;;;;;;1;;;;;;2;;;;;;;1;;;;;;;1;1;;1;;1;1;1;;;;;;;1;1;;;2;;;;;;;;;;;;1;;;;1;;;;
31583-4130;1;9;;;11;6;51;1;2;;15;19;1;2;2;15;11;1;37;2;2;;1;;;;;;2;1;;;1;1;1;;;3;1;;;;3;;;;;;;4;7;;4;1;1;;;;;8;2;14;;;5;1;;;1;;1;1;;;6;;2;;;7;1;4;1;2;2;1;1;1;;2;1;;1;;1;11;3;5;2;1;1;;1;1;;1;;1;1;1;;2;;2;1;;5;;;;;;1;3;1;4;1;1;2;1;2;1;1;14;2;2;2;1;1;;;;1;1;;;;
27601-7118;2;16;;3;21;8;105;2;4;1;20;32;;2;2;7;9;;44;2;11;10;1;1;1;1;1;;5;;3;2;2;1;1;;2;3;1;3;2;;6;;2;2;;;5;9;16;1;10;;5;2;1;;;4;1;21;;1;5;2;6;;2;;4;4;;2;8;1;1;;;7;3;2;1;1;1;1;1;;;1;1;;3;1;2;15;1;6;2;1;1;1;1;1;2;1;1;6;;;;;1;;2;1;5;3;1;1;1;1;1;;2;2;2;;4;3;4;1;1;11;;4;2;1;1;1;4;1;1;;7;1;1;
17813-4130;1;26;;;27;6;68;1;5;;22;21;;3;3;4;10;;33;1;6;9;;;;;;6;1;;;;2;1;1;;;6;1;;;3;7;2;;;;;4;1;5;;4;1;;;;;;1;;5;;;;;4;4;;;5;2;3;1;7;1;;;;7;4;3;;1;;;;1;;1;1;1;2;1;1;11;1;2;1;1;;;;;;;;;;;;1;1;;2;1;;;;;;;;2;1;;;;;;;;;5;;1;;1;;;;;1;;3;7;3;
36399-6398;2;21;20;2;1;3;36;1;;;3;4;1;3;1;16;5;1;22;2;3;;;2;2;2;2;;7;2;;;;;;16;;;;2;;;1;;1;;17;13;;1;2;1;1;;;;;;1;1;;7;;;1;1;;;1;;;;;;;;;;;;;;;;;;;;;;;1;;;1;2;;;;;;;;;;;;;1;;;;;1;;;9;2;;;;;1;1;2;2;;1;1;1;;;;3;;1;;;;2;1;;1;;;;;
31581-4605;1;24;7;1;25;3;67;1;3;;13;14;4;2;1;2;8;3;13;2;11;8;1;;;;;;11;2;;;1;;;5;1;6;5;1;1;2;9;;5;;1;;;3;8;1;1;;1;;;1;;5;;6;3;;3;;6;5;1;1;3;;;;2;1;1;1;1;3;1;;;;;;;;;3;2;;;;1;9;1;3;;;;;1;1;;2;2;;;4;3;;1;1;1;1;1;1;1;1;1;1;;3;2;2;;2;3;1;3;2;;4;2;;;1;1;;3;;;;6;5;4;
22694-4604;1;15;23;1;;3;33;1;1;;11;12;1;3;2;9;12;7;13;1;;1;;1;1;1;1;2;1;;2;2;1;;;10;1;;;1;1;;2;;;1;21;9;1;;3;;2;;1;1;1;;;1;;2;;;;;1;1;1;1;1;1;;;3;;;1;1;8;2;6;2;1;;;;;2;;;3;;;;10;;8;6;1;;;;;;;;1;;1;1;1;;;1;;4;4;3;2;1;1;2;;2;3;1;5;;1;1;1;1;;;;;;;1;;;;;;1;;
28385-4604;2;42;39;4;3;8;91;1;4;1;18;16;;3;2;14;13;6;23;2;2;;2;;;;;7;14;3;5;5;;2;2;27;4;1;1;4;4;1;3;1;;1;33;24;5;3;6;1;5;1;;;;;;5;2;10;;;;;;;1;1;4;2;;1;6;;;1;1;4;;2;;;;;;1;;2;2;;2;;1;13;4;4;2;;;;;;2;;;;;;;1;1;;2;1;8;4;4;3;3;3;1;4;2;3;;4;;1;;;;3;;1;;2;2;;;1;;;;;;
29058-6398;1;16;1;11;2;8;54;;3;7;31;37;;3;3;16;11;1;25;1;7;3;1;;;;;2;1;;3;;;;;;8;;;2;2;;5;;;;;;3;6;8;1;6;;2;2;2;1;;3;1;7;1;;2;1;3;;;;2;1;;1;1;1;;;;5;;4;;3;2;1;1;;;10;8;1;4;;8;22;;3;3;3;2;1;9;8;2;3;1;4;;;;1;2;1;2;2;3;1;;;;;1;2;2;1;1;;4;1;;;;11;;9;6;1;1;;;6;;;3;;;
36008-7098;1;16;;1;;1;27;3;3;;18;25;;3;3;27;16;;27;1;1;;1;;;;;6;;;4;2;6;;;;1;;;1;1;;11;5;;1;;;;;6;;4;1;1;;;;;1;1;5;;2;;;;;3;2;3;1;;3;2;;;2;2;6;;2;;1;;;;2;;2;1;;1;2;;15;1;5;2;1;;;;;1;;;4;;;;1;1;1;3;1;9;4;2;1;1;1;2;1;3;8;1;;1;;7;4;3;10;2;3;3;1;1;;;;1;;;;;
30770-4604;5;31;1;3;;5;112;1;2;2;43;47;3;5;5;26;30;;51;4;10;;1;3;2;5;3;4;8;2;4;3;3;1;1;1;3;;;3;3;;16;2;2;2;;;2;4;24;;13;2;4;2;1;;2;15;3;24;3;4;2;;;;1;1;2;1;;1;14;4;2;;;18;7;13;4;5;2;2;1;1;1;2;2;2;4;1;8;32;5;15;11;3;1;1;1;1;1;4;1;5;1;2;2;4;1;1;3;1;6;4;1;1;1;;4;9;5;4;1;;3;2;8;3;2;7;3;3;2;1;1;2;;2;3;4;;;;
12526-6388;1;7;2;;;;21;;9;;14;10;1;;;;;;5;1;1;;;1;1;1;1;2;;;1;;;;;2;;;;;;;6;1;;;;;;;6;;3;;3;2;2;;;;;3;;1;;;;;;;7;;1;;2;;;;;5;2;3;1;2;1;;;;;;;;;;;4;;4;2;2;1;;;;;1;;1;;;;;;;;;;;;;;;;;;;;;;;1;1;;;;;;;;1;;;;;;;;
30806-4604;2;17;;15;;13;56;1;;1;26;29;;1;1;5;16;;39;2;6;2;1;1;1;;;2;1;1;1;1;3;2;2;;13;;;11;11;;6;;;;;;4;3;14;;9;;4;3;3;;;6;;6;;;2;2;;;1;1;;;;3;3;;;;;15;1;11;1;7;6;4;2;;3;;;4;2;;;19;;10;8;5;4;4;;;;1;;3;1;;;1;;;1;;2;1;1;1;1;1;1;1;1;1;3;;2;;1;;3;7;;3;1;2;1;1;2;;2;4;1;2;1;
35969-7118;;15;;7;30;11;130;3;7;;45;44;;3;1;25;17;1;48;;8;9;;;;;;2;1;;2;1;3;;;;5;5;1;7;5;1;2;;;1;;;2;2;10;;7;;2;;;;;4;;8;;;4;;3;2;3;2;7;;;1;10;1;;2;2;12;3;2;;1;1;;;1;;4;2;;;1;5;29;5;9;2;1;1;;2;;;;;2;;;;1;;2;;;3;3;1;1;;;1;3;2;5;1;1;;3;3;2;2;11;1;1;;;;;2;;;1;7;6;4;
31286-6388;1;18;2;1;4;7;57;;1;1;10;21;2;3;1;16;8;;49;1;3;3;;1;1;1;1;;4;1;2;2;3;;;;1;;;1;1;3;6;;1;1;;;3;1;11;1;3;;2;1;;;;6;2;15;;;5;2;2;1;;;;;;1;1;;1;;;7;;4;;3;3;3;2;1;1;1;1;2;;;4;8;;6;3;2;2;2;;;;;;1;;1;1;;1;1;1;1;8;4;3;3;2;1;1;1;3;3;2;;2;;1;1;;12;;2;;;;1;;1;;;2;2;1;
30732-4130;2;10;;1;22;4;53;2;2;2;11;16;;1;1;4;8;1;34;3;7;3;2;1;;1;1;1;;;;;2;1;;;1;4;2;1;1;;2;;;;;;1;3;4;;3;;2;1;;;;1;;12;1;;5;3;1;1;2;1;2;1;;;2;;;;;5;;2;;;;;;1;;3;1;;1;;1;7;;5;2;;;;;;;;;2;1;;;1;;;1;;1;1;;;;;1;;1;;;;2;;2;1;1;6;;3;1;2;2;1;;2;1;4;2;3;2;
11848-7098;1;6;;;;;18;1;2;;12;11;;1;1;6;2;;3;1;2;;;1;1;;;;1;;1;1;;;;;;;;;;;2;;;1;;;;1;6;;6;1;2;2;1;;;1;;1;;;;;;;1;1;2;;;1;2;1;;;;4;1;3;1;2;;;;;;2;1;;2;;1;9;1;4;3;2;;;;;1;;;1;1;;;;1;;1;1;3;3;2;1;1;1;;1;1;;;;;;;;;;;;;;;1;;;1;1;;;;
22034-4605;4;21;;1;13;4;38;1;1;;9;16;;3;3;34;11;1;15;4;1;;3;2;2;2;1;9;1;;1;;3;2;2;;1;5;2;1;1;1;12;4;;;;;1;;8;;5;;1;;;;;4;;3;1;;2;1;;;1;1;1;;;1;1;;;;;2;;1;;1;1;1;;1;;1;;;;1;1;8;1;2;1;1;1;1;;;;1;;3;;;;;3;2;3;3;24;18;15;11;10;9;;;2;5;1;;1;;1;1;;4;;1;;2;2;2;;;;;;;;
31147-4605;2;14;;2;;3;70;2;5;1;31;36;;4;4;15;13;;52;3;3;;;2;2;2;2;2;1;;;;2;;;;2;;;2;2;;5;1;;;;;;1;11;;6;;1;;;;;6;1;13;;;3;;;;2;1;5;;1;1;;;;;;14;;9;;5;1;1;1;;;2;2;;;1;2;19;;8;5;2;1;1;1;1;;1;;1;1;;;3;1;;3;1;8;4;2;1;;;3;1;1;1;;;2;1;5;2;;13;2;3;1;1;;2;;;1;;;;;
3559-7274;;7;;;;;33;2;5;;25;25;;1;1;3;3;;22;1;;;;;;;;;;;;;1;;;;;;;;;;1;;;;;;;2;12;;9;;;;;;;2;;8;3;;2;2;;;2;1;4;;1;1;1;;;2;2;7;;3;;1;;;;2;;4;2;3;;1;2;17;1;4;3;1;;;2;1;;;;2;;;;1;;1;;;2;1;;;;;1;;1;;;;4;1;2;1;1;4;;3;;;;;;;;;;;;
31689-4130;2;8;;;;;19;1;;1;4;8;;1;1;5;6;;15;2;3;;1;1;1;;;3;;;;;2;2;2;;;;;;;;4;1;;;;;;;2;;2;;1;;;;;2;;3;;1;;;;;1;;;;;;;;;;;1;;;;;;;;;;;;;2;;;3;;1;;;;;;;1;;;;;;;1;;;1;;2;2;1;1;;;1;;1;;1;;1;;2;;;3;;1;1;2;1;1;;1;;1;;;;
30821-4605;2;29;12;5;28;10;120;1;1;;19;21;;4;4;75;28;3;53;2;15;16;;2;2;1;1;10;6;1;1;;5;;;4;5;14;6;5;5;2;13;6;2;1;6;2;5;51;11;;8;;2;;;3;;10;;10;;;3;;8;5;1;;1;;;1;;;;1;1;6;;1;;1;;;;;;;;1;;;2;13;;3;;;;;;;;5;2;;;;;3;1;3;2;1;24;17;12;10;5;5;4;3;4;3;4;2;2;;;;;9;;;;;;2;;;;1;10;9;8;
21598-4604;3;16;;2;9;4;38;1;3;2;16;18;;3;2;10;7;;14;2;2;;2;;;2;;1;3;1;;;1;1;;;2;3;1;2;2;1;5;1;;;;;1;2;1;;;;;;;;;;;6;;;;;;;1;1;3;;;;1;;;1;1;9;1;5;1;4;2;2;1;;;;;;;;;10;;8;5;4;2;2;;;;1;1;1;2;;;1;;;1;;6;4;2;1;1;1;2;1;1;1;;;;;1;1;;1;1;1;;1;1;1;;2;;;;;;
36482-7118;2;7;1;;;;30;2;4;;24;16;1;;;;;;8;2;13;;1;1;;1;1;1;;;;;;1;1;;;;;;;;3;;;;1;;;2;9;;5;;;;;1;;;;4;1;;;;;;2;1;4;;;1;;;;;;2;;1;;1;;;;;;1;;2;8;;1;10;;;;;;;1;;2;2;1;1;3;;;;;;;;;;;;;;;;;;;;1;;1;;;2;1;;;1;1;;;;3;2;;;;
29492-7118;2;17;;;8;4;58;1;1;;12;15;;1;1;17;8;;40;2;1;;2;1;1;1;1;2;3;2;;;2;1;1;;;1;;;;2;5;;;;;;2;1;6;;5;1;2;1;;;;1;;15;;;6;2;;;1;1;1;;;;3;2;;;;2;1;1;;;;;;;;2;2;1;;1;1;10;3;2;1;;;;2;2;;;;1;;;;1;;;1;;3;2;1;1;1;1;1;1;;2;;;2;;1;1;;13;;7;2;1;1;1;;;;;;;;
31576-4604;1;7;3;2;4;6;23;1;1;4;7;10;;1;1;1;4;1;7;1;8;4;1;;;;;;3;;;;;1;1;1;2;;;2;2;;2;;;;2;1;3;;4;;2;;;;;2;;;;1;;;;;1;;1;;1;1;;;2;1;;;;;;;;;;;;;;;;;;1;1;5;;;;;;;;;;2;1;;2;;;;1;1;1;1;;;;;;;;1;1;1;1;;;;;;;2;;;;1;1;;1;2;1;5;4;2;2;
19260-6389;;15;2;3;;5;61;1;4;;21;22;;2;1;8;13;;14;;1;;;;;;;2;5;1;4;4;3;;;2;3;;;3;3;;11;2;1;1;;;2;4;15;;8;;2;2;2;2;;8;1;7;;;2;;;;1;1;4;1;;1;6;5;;1;1;6;3;2;2;2;2;2;;;;3;2;;1;5;;17;3;6;2;2;2;2;2;1;1;3;;1;;;;;1;;1;1;7;2;1;;;;;1;2;2;2;;1;;3;;1;5;1;2;;;;;;;1;;;;;
22554-6398;2;12;;;;1;41;1;;;7;6;;1;1;6;10;1;33;2;3;;2;1;1;1;1;1;4;1;;;3;2;2;;;;;;;;3;;1;;;;;3;2;;2;;1;;;;;4;;13;;;5;1;;;1;;;;;1;1;;;;;2;;1;;1;1;;;;;;;;2;;;4;;2;1;1;1;;;;1;;;;2;;;;1;;1;1;2;;;;;;;3;1;;1;;2;;3;1;;10;1;1;1;2;2;1;1;;2;1;;;;
31615-4604;3;17;1;1;9;5;34;1;3;1;17;15;2;3;1;8;8;;37;3;4;2;2;;;2;;1;;;1;;2;3;3;;;1;1;1;;;4;;;;1;;1;;1;;1;;1;;;;;2;;12;1;;5;3;;;1;;3;;;2;;;;;;7;;4;;3;2;2;1;2;;2;2;1;;;1;8;;5;3;3;2;2;;;;1;1;;1;1;;1;1;;1;1;4;2;2;2;2;2;1;;2;1;1;;1;;;;;7;;5;2;3;1;;;1;1;2;1;;;
28231-6388;1;7;;;;;40;1;7;1;13;24;1;2;2;9;7;;8;1;7;4;1;;;;;4;1;;;;1;1;1;;;;;;;;3;3;;;;;;3;16;;10;;4;3;;;;5;1;6;;;3;3;4;3;1;;4;;;;4;;1;3;3;5;4;4;3;1;;;;;;2;1;;3;1;2;11;;5;4;1;;;;;2;1;;;1;1;1;1;1;1;2;1;7;5;2;1;1;1;1;1;2;1;;;;1;2;1;;4;1;4;1;1;1;;1;1;;;2;3;1;
18875-7118;;17;;;;2;64;2;12;;31;41;1;2;1;5;9;;34;;3;1;;;;;;6;1;1;7;5;2;;;;;;;;;;10;4;1;3;;;;2;27;1;15;1;12;9;4;2;;3;1;11;;;3;2;;;;;12;7;4;2;15;7;1;7;7;21;7;17;6;10;8;6;4;1;1;1;1;2;2;3;1;26;1;19;16;10;8;6;;;;5;5;4;;;;;1;;1;1;4;4;3;3;2;2;;1;2;1;3;;1;;6;2;;11;3;6;1;;;;1;;1;;;1;;
31234-4605;1;13;3;3;1;7;70;2;2;5;28;39;15;2;1;3;10;2;44;1;7;4;;1;1;1;1;4;3;;5;2;;;;2;3;;;3;3;1;9;2;;4;2;1;2;4;12;;7;;3;2;1;1;9;3;1;21;;;8;6;3;1;2;2;2;1;;;7;1;1;1;1;13;3;9;2;4;;;;1;;5;3;1;1;;5;23;2;11;8;4;;;2;2;;1;1;4;1;12;9;;1;1;1;1;2;1;1;1;1;1;;2;1;3;1;1;1;4;4;;;15;2;8;3;;;1;1;5;;1;2;1;;
13142-6388;1;20;2;;2;2;80;;8;3;31;50;2;2;;8;7;1;18;1;10;4;1;;;;;3;4;1;5;3;2;1;1;2;;;;;;1;13;3;;2;;;2;3;28;;15;2;2;1;;;;4;;3;;;;;3;1;;;5;1;;1;5;1;;;;5;1;1;;;;;;;;1;1;1;1;1;4;24;2;5;1;;;;;;1;1;;;3;2;1;;;1;;;4;2;1;1;1;1;;1;1;;2;1;1;;;;;;;;;1;1;;3;3;1;3;2;1;;
31958-7274;1;14;1;;;1;44;1;17;;42;38;;2;2;7;7;;26;2;;;1;;;;;3;2;1;3;2;1;1;1;1;;;;;;;7;2;;2;;;1;1;22;;14;;;;;;;4;;5;;;2;;;;1;;17;3;1;1;5;;1;5;5;6;;1;;;;;;;1;3;2;3;;2;1;24;1;3;1;;;;2;1;;1;1;3;;;;1;;;1;;5;1;1;1;1;1;2;;1;1;1;;1;1;6;3;;12;3;8;5;1;1;;;;;;;;;
13005-6398;2;22;1;;;1;25;1;;;5;6;;1;;1;7;;31;2;3;1;1;1;1;1;1;4;2;;2;;3;;;;;;;;;;7;2;;;1;;;;1;;;;;;;;;2;1;8;;;4;2;;;1;;;;;;;;;;;2;;2;;1;1;1;1;;;1;;;;;;1;;1;1;;;;;;;;;2;2;;;;;;;;;;;;;;;2;1;1;2;;4;1;2;1;;10;2;3;1;1;1;1;;;2;;1;1;1;
35982-7118;;17;;3;10;4;80;1;8;;44;48;1;2;1;26;12;1;24;;5;;;;;;;3;;;3;2;3;;;;3;3;1;3;3;1;8;2;;1;;;;7;25;;18;;5;4;1;1;;8;4;8;2;2;1;1;;;1;;8;1;4;;4;;1;3;3;14;2;8;1;3;3;2;1;2;1;3;3;4;2;2;2;33;;8;6;3;3;2;1;1;1;5;2;3;1;;;;;1;;;16;10;9;5;5;4;2;2;2;4;1;;4;1;4;2;;5;;3;2;;;;;;1;;;;;
34532-7118;3;21;4;;16;5;92;4;13;;54;55;3;1;;4;10;1;48;3;11;1;2;2;2;1;1;2;7;1;3;1;3;2;2;3;;3;1;;;;13;2;5;;2;2;3;11;36;1;24;2;1;;;3;2;3;;20;;2;1;;;;4;2;13;1;6;2;4;1;;1;1;12;1;3;;;;;;2;;6;3;;5;;6;37;2;6;3;;;;4;3;3;4;4;1;3;3;1;;;;;;1;;;;;;;6;1;3;;1;1;1;5;1;2;5;1;;;2;2;2;3;;;2;1;;;
34838-4605;3;15;;;3;3;57;1;6;1;27;22;;2;;16;10;;38;4;3;;;3;1;3;3;2;5;;;;1;;;;;1;;;;;6;1;3;;;;1;3;10;4;8;;1;;;;;7;1;16;2;;5;2;;;1;;5;;;;;;;1;1;5;;1;;1;1;1;;1;;9;7;;;1;8;14;;2;;;;;8;6;;1;1;1;2;;;;;3;;;7;3;2;2;1;1;;3;2;1;1;;5;1;1;;1;10;1;4;3;;;1;;1;1;;;;;
28313-4604;1;16;12;;;1;36;1;3;;17;12;;1;1;2;2;1;5;1;1;;;;;;;3;2;1;3;3;2;1;1;5;;;;;;;9;1;1;2;9;2;1;1;6;;4;1;1;1;1;;;1;;1;;;;;;;;;3;2;;;4;;;1;1;9;1;5;;3;3;2;1;;;;;1;;1;;9;1;5;3;2;2;2;;;;;;;;;;;;;;;2;2;2;2;2;1;1;;1;;;;2;;1;1;;;;;;1;;;;;1;;;;;
23953-6388;1;20;;;10;4;107;;3;3;10;13;2;2;2;82;19;;28;1;5;;1;;;;;3;1;1;2;;2;;;;;3;1;;;1;11;2;;1;;;1;2;3;;2;;2;;;;;10;9;6;;;2;;;;;;1;;1;2;1;;;;;8;1;3;;1;;;;;1;;;1;;;;5;;4;1;1;;;;;;1;;;2;;;;2;1;2;2;38;19;9;5;3;3;;2;1;11;1;;2;1;;;;6;;;;1;1;;;3;1;1;;;;
31001-4130;1;20;4;1;11;8;47;;1;;13;17;1;2;1;4;8;1;51;1;12;4;1;;;;;2;2;1;2;2;2;;;4;1;;;1;1;1;8;;1;2;2;2;1;1;5;;4;;;;;;;2;;9;;;4;1;1;1;;;1;1;;;1;;;;;2;;1;;1;1;;;;;1;1;1;;;1;9;;1;;;;;1;1;;;;1;1;;;1;;;;;2;1;;;;;;;1;;;1;3;;1;;1;9;;2;2;1;1;;;;;7;3;1;1;
30763-4605;3;26;8;4;;7;38;;3;2;19;17;;1;1;7;9;;34;3;6;2;2;2;1;2;2;3;4;1;4;2;3;;;8;4;;;3;3;;8;2;1;2;4;4;4;2;4;;3;;2;1;1;;;5;;9;;1;2;;1;;;;3;;;1;2;;1;1;1;6;1;2;;1;;;;1;;3;2;1;1;1;;11;;4;1;1;;;;;1;;;4;;;;1;;;1;;5;2;;;;;1;4;;;2;;1;2;2;1;1;6;;1;;2;2;1;;2;1;;;1;;
31413-4605;2;13;5;;;;32;1;;;9;10;4;;;;3;2;28;1;2;1;1;;;2;;3;6;3;;;2;1;;4;;;;;;;8;3;3;;1;;;2;3;;1;;;;;;2;2;;12;1;;1;;;;1;1;;;;;;;;;;3;;1;;;;;;;;2;1;;;1;1;4;;;;;;;1;1;;;;;;3;2;;;;;;;;;;;;;1;;;2;1;1;1;;;1;6;;3;1;;;1;1;;;;1;1;1;
36026-6389;1;6;1;;5;6;61;4;6;1;27;29;4;2;2;34;8;;44;1;3;;;1;;;;1;;;;;1;;;1;;1;;;;2;1;1;;;;;4;3;13;1;11;2;2;1;1;1;1;2;;19;2;;4;3;;;3;1;6;1;;;6;1;;4;4;7;;3;;1;1;1;1;1;1;1;;2;1;;3;24;5;6;3;1;1;1;;;;1;;;;;;1;1;2;1;1;27;17;13;10;8;6;1;1;2;2;1;;2;2;4;4;;9;;3;;;;;;1;;2;;;;
31366-4604;2;9;;1;;2;40;1;;;4;7;;2;1;1;7;;18;2;2;1;1;2;2;2;2;;2;;;;;1;;;1;;;1;1;;3;;;;;;2;1;3;;2;;;;;;;;;10;1;;;;;;;;;;;;;;;;;;;;;;;;;;;;;1;;;;3;;;;;;;;;;;;;1;;;;1;;1;1;;;;;;;;2;1;;2;;1;;1;1;2;1;;;;;;2;;;1;;1;1;1;
18523-7274;;22;;;7;13;68;1;5;1;55;58;1;2;1;35;18;1;67;1;20;;;;;;;1;1;;4;2;;;;;;1;;;;;7;;;2;;;3;4;17;;13;;6;3;2;3;;5;;20;1;2;4;2;;;1;;5;1;1;1;4;2;1;;;20;1;10;;6;3;2;1;3;1;5;3;3;16;2;1;38;2;14;7;3;1;;2;2;6;7;5;4;2;1;;1;;;1;;14;9;6;2;2;2;2;;2;2;3;1;3;;8;4;1;26;4;12;6;;;;;1;8;3;;;;
18399-6388;2;18;;;;;31;;1;;2;6;;1;1;2;5;;6;2;1;;2;;;;;4;3;1;1;;;;;;;;;;;;11;3;2;1;;;;7;2;;1;;1;;;;;4;;3;;;1;;;;;;;;;;1;;;;;2;1;1;;1;;;;;;;;;;2;1;2;;2;1;1;;;;;;;;;;;;;1;;1;1;;;;;;;;;;1;;;;;;;;1;;;;2;2;;;;;;;;;
36453-7274;1;28;16;8;;9;54;;;10;7;17;4;2;1;7;11;3;41;1;58;;;1;1;1;1;12;;;2;;6;;;9;;;;8;;;5;2;;;15;9;3;9;1;;1;;;;;;1;2;;7;;;1;;;;;;;;;;;;;;;2;;1;;;;;;;;;;1;1;2;;6;;2;1;;;;;;1;3;;1;3;3;1;1;;;;;2;1;;;;;;1;;1;1;3;;2;3;;2;10;2;3;2;;;1;40;10;;18;;;;
28383-4604;;4;3;;;;9;1;2;;3;5;;;;;;;6;;;;;;;;;1;1;;;;1;;;3;;;;;;;2;;;;3;3;;;3;;1;;;;;;;;;2;;;;;;;;;2;;;;;;;;;;;;;;;;;;;1;1;;;;;2;;;;;;;;;;;;;;;;;;;;;;;;;;;;;;;;;;;;;;;;;;;;;;;;;;;;
31553-4130;3;22;3;5;;5;70;3;9;;68;60;6;2;2;12;10;;51;3;7;2;2;1;1;2;;3;2;;7;5;;2;1;1;4;;;4;4;;12;2;2;5;1;;;1;13;;8;;4;2;;;3;5;;23;;2;6;2;1;1;3;;9;1;;3;11;1;;3;3;22;4;12;4;5;1;1;;2;1;8;4;2;4;;5;39;1;17;10;4;1;1;1;1;1;1;1;3;;6;5;;;1;2;;2;;;;;;1;1;2;2;1;;;1;5;3;1;11;2;2;;1;1;2;3;;;;1;2;1;
31270-6388;;14;1;2;;3;125;;3;;7;16;1;2;1;11;11;;61;;2;7;;;;;;;5;1;;;;;;1;1;;;2;1;;7;;2;;;;2;13;8;2;4;2;;;;;;6;;37;;1;8;4;6;2;;;;;;;4;2;;;;;;;;;;;;;;4;3;;;;7;7;3;;;;;;4;3;;;;;1;1;1;;1;2;1;1;7;2;2;2;1;;;7;2;1;;;;1;3;2;2;16;1;6;3;;;;1;;1;;1;2;;
36211-7098;1;11;6;1;8;4;24;1;;;8;8;2;1;1;11;7;3;27;1;1;;;1;1;1;1;3;4;;1;1;1;;;5;1;1;;;;1;3;1;;1;3;2;1;1;2;;;;;;;;2;3;;3;;;1;;;;1;1;;;;;2;;1;;;6;1;4;1;2;1;;;;;;;;;;;6;1;4;2;2;1;;;;;1;1;;;2;1;;1;1;;;4;4;3;3;3;2;1;3;1;3;;1;1;;;;1;11;;4;1;;;1;1;;;1;;;;
31898-4604;2;17;;6;;7;37;2;3;;9;14;3;2;1;8;10;;29;2;1;;2;;;1;;3;;;2;1;5;1;1;;3;;;5;3;;9;3;;;;;4;1;2;;1;;1;1;1;;;6;2;5;1;;1;;;;2;1;3;;;;1;;;;;7;1;4;;4;3;3;2;2;;4;3;1;;;1;8;;6;3;3;2;2;;;;;;3;;1;1;1;;3;;;2;2;2;2;2;2;;;1;3;1;;4;1;1;1;1;6;1;3;1;2;2;1;;;;;;;;
30749-7118;2;20;5;1;1;4;56;1;1;2;20;35;2;4;3;20;12;6;43;2;5;1;;2;2;1;;1;4;3;3;3;;1;1;3;1;;;1;1;;3;;2;1;1;;1;;13;;6;;4;4;3;;;3;;9;1;1;2;1;;;1;1;1;1;;3;3;1;1;1;1;15;2;11;2;6;4;3;3;1;;2;1;2;2;2;2;19;;14;10;6;4;3;;;;1;1;3;2;1;1;;2;;3;2;6;1;1;1;1;;1;2;3;1;;3;3;;4;2;2;14;3;5;2;1;;2;;2;1;1;1;;;
17083-4604;3;25;12;5;2;6;95;1;;;31;38;2;3;2;14;14;10;78;2;;1;1;1;1;2;;2;6;3;3;2;1;1;1;;4;;;4;4;;6;1;3;2;3;;3;4;15;;11;;8;5;5;3;;;;27;5;;11;6;;;1;1;;;;2;5;1;;;;24;5;17;5;14;12;11;9;5;;7;3;;;;4;26;;23;17;14;12;11;2;1;;7;4;3;;2;1;;1;;2;1;3;2;;;;;;4;3;2;;4;7;4;4;;3;20;3;9;2;1;;2;;;;;;1;;
31750-4604;5;11;;;3;1;24;1;;;1;6;;4;3;20;8;;14;5;;;2;3;2;3;3;2;5;2;1;;1;1;1;;;;;;;1;4;;;1;;;;1;;;;;;;;;;4;1;6;2;;;;;;1;;;;;;;;;;;;;;;;;;;;;;;;;1;;1;;;;;;;;;;2;1;2;;;;3;;;;;11;9;7;5;2;2;2;2;2;1;2;;2;;2;;1;2;1;2;1;3;2;2;;;;;;;;
31173-4604;2;17;2;6;1;7;56;1;;;18;25;1;1;1;7;14;;35;2;2;;2;1;1;1;1;1;3;;;;2;2;2;1;6;;;5;5;;8;;1;;2;1;3;5;12;;6;;5;2;1;1;;6;;11;;;4;1;;;1;;;;;;2;1;;;;10;2;5;1;3;1;1;1;;4;;;4;1;1;;16;;8;4;2;1;1;;;;2;2;1;1;;;1;;;1;;2;2;2;1;1;;1;4;1;;4;;1;1;3;2;1;8;1;2;1;2;2;1;;;1;;;;;
18217-4605;3;21;11;6;9;9;44;1;5;;26;13;1;2;2;26;11;;26;2;4;3;;1;;2;1;;1;1;1;1;;1;1;2;6;2;1;3;3;2;1;;;;9;2;4;1;1;;;;;;;;1;1;;5;2;;1;;;;1;;5;;;;1;;1;;;4;;3;;3;3;;;;;;;;;;2;7;1;;;;;;;;;;;;;;;;1;;2;1;3;1;;;;;;;2;2;2;;3;1;;;;5;;;;1;;;;;;1;2;2;2;
21380-5714;1;13;;1;;1;40;1;1;;6;14;;;;;;;53;1;;1;;1;1;;;2;1;;;;3;;;;1;;;1;1;;6;1;1;;;;;1;5;2;2;1;;;;;;;;14;;;4;;1;;1;1;1;1;;;1;1;;;;2;;2;;2;;;;1;;1;1;1;;1;3;6;1;2;2;2;;;;;;2;1;2;;;;;;;;;;;;;;;;;;;;;1;1;1;;;11;;3;2;;;1;;;;;;;;
31433-6388;2;13;;;1;2;33;1;6;;14;18;1;3;2;36;8;;7;2;1;;1;1;1;1;1;1;2;;1;;1;;;;;;;;;1;5;;;1;;;;3;5;;3;1;1;;;;;3;1;2;1;;;;;;1;;5;;;;1;;;4;4;3;;2;;;;;;;;1;;;1;1;1;5;1;1;;;;;1;;;2;1;;;1;;2;;1;;;15;10;8;4;2;;3;1;1;1;;;1;;;;;1;;;;1;1;1;1;;;;;;;
14004-4604;1;20;;2;1;3;53;2;1;;15;17;;1;1;4;10;;30;1;2;2;;1;1;1;1;4;;;4;2;1;;;;2;;;2;2;1;11;4;;1;;;1;1;6;;5;1;1;;;;;5;;16;1;;4;1;1;;2;2;1;1;;;5;2;2;;;8;3;2;1;1;;;;1;;1;;;;;;12;2;5;1;1;;;;;;;;2;;;;;1;;1;1;1;;;;;;;1;1;;3;;2;2;;;1;8;;4;2;;;1;;;;;2;1;1;
27420-7274;1;6;1;;;;18;;;1;3;5;5;1;;3;2;2;12;1;3;1;;1;1;;;1;1;;1;;;;;1;;;;;;;4;1;1;1;;;;2;;;;;;;;;4;1;;5;;;2;1;;;;;;;;;;;;;;2;;2;;1;1;1;1;;1;;;1;2;;2;1;;1;1;1;1;1;;;;1;;;2;2;1;;;;;;2;1;1;;;;;;1;;;1;;;1;;;4;;1;1;;;1;1;1;2;1;;1;;
22977-7118;1;15;;1;;1;78;2;13;;56;56;;3;2;6;13;;41;1;1;2;;1;;1;1;2;5;3;5;3;3;;;;1;;;1;1;;3;;;2;;;1;2;43;;32;1;25;18;13;5;;5;;20;3;3;10;5;1;1;2;1;13;1;2;5;8;1;1;4;4;40;6;30;3;22;19;12;8;3;6;5;2;7;1;;1;47;1;39;30;22;19;12;2;1;;6;5;10;;;;1;;;1;;3;2;1;;;;2;1;2;1;1;;6;4;11;9;3;21;4;12;3;;;;;;;;;1;;
31425-4604;2;14;;3;12;7;53;1;;;7;14;1;1;1;6;8;;34;2;6;;1;2;2;2;2;1;1;;2;2;4;1;;;1;3;;2;1;2;5;;1;;;;2;1;1;;1;;1;;;;;2;;13;1;;3;1;;;1;;;;;;2;;;;;5;2;2;1;2;1;1;1;1;;1;;;1;;2;3;;3;;;;;;;;;;;2;;;1;;;1;;2;1;;;;;1;3;1;;2;;2;3;1;;1;8;;2;2;;;2;1;;2;;;;;
30137-7118;3;13;1;;2;2;35;2;2;;13;16;1;2;2;13;8;1;30;3;;;2;1;;2;1;3;;;2;2;2;2;1;;;;;;;1;6;;;;;;1;2;5;;2;;;;;1;;2;2;8;1;1;1;;;;2;1;2;1;;1;1;1;;1;1;1;;1;;;;;;;;2;;3;;1;;8;;1;1;;;;;;;2;1;2;;;;1;1;;2;1;9;5;3;3;3;1;1;1;2;3;;;3;2;3;1;1;4;;;;1;1;1;;;;;;;;
31679-4130;2;8;;;;3;28;1;;;12;12;;1;1;1;6;;28;2;6;5;2;1;;1;1;1;;;;;1;;;;;;;;;;2;;;;;;3;;1;;;;;;;;;3;;6;;;1;;2;2;1;;;;;;1;;;;;2;;;;;;;;;1;;;2;;;;5;;1;;;;;;;;1;;1;;;;;1;;1;1;1;1;1;1;;;;;1;;1;;;1;2;1;1;4;1;1;;2;2;1;;;;3;2;4;1;
31362-5714;2;8;1;;19;2;33;3;4;;13;13;;2;2;20;6;;45;2;1;;1;2;2;1;1;1;2;1;1;;1;1;1;;;10;7;;;1;3;;;;;;1;3;3;;1;1;;;;1;;2;1;21;;2;10;3;;;3;1;4;2;;;6;1;2;1;1;;;;;;;;;;;2;;;;;1;8;4;;;;;;1;;;1;;1;1;;;2;;1;1;;10;5;2;;;;2;1;2;2;;;1;3;3;2;2;15;1;4;2;1;1;2;;;1;;;;;
31134-4130;2;12;;1;;1;38;1;;;6;10;2;1;1;4;5;;23;2;;;1;2;2;2;1;1;1;;1;1;1;1;1;;1;;;1;1;;6;;1;;;;;9;5;;3;1;;;;;1;2;;14;;;6;3;;;1;;;;;;1;;1;;;;;;;;;;;;;3;2;1;;;1;6;1;;;;;;3;2;;;;;;1;;1;;;1;;3;1;1;;;;1;2;1;;;;2;5;;;;12;;6;2;1;;2;;;;;;;;
18030-4130;2;11;10;1;;1;23;4;1;;11;15;3;2;1;5;8;1;8;4;2;3;1;2;2;1;1;2;3;2;1;;1;1;1;4;1;;;1;1;;2;;1;;5;3;;3;3;;2;1;;;;;;1;;6;;;3;1;2;2;3;;;;;;2;1;;;;;;;;;;;;;;6;4;;;;4;9;2;;;;;;6;4;;1;;1;1;3;3;;1;;1;1;2;1;1;1;1;1;;1;1;;1;1;2;;;;2;4;;2;1;1;1;2;;;;;1;3;1;
32005-4604;2;10;;1;;1;20;1;;;8;12;;2;2;4;10;;31;2;6;;1;1;1;;;2;1;;;;2;2;2;;1;;;1;1;;2;;;;;;;;3;;1;;;;;;;3;;5;;1;1;;;;1;;;;;;;;;;;2;;2;;2;;;;;;2;2;2;1;;;6;;2;2;2;;;1;1;;1;;1;4;;;2;;;1;;4;3;1;1;1;;2;1;2;;4;;3;;5;3;2;10;;6;2;2;1;1;1;;2;2;;;;
18672-6398;2;25;2;1;;2;37;1;;1;8;11;;5;3;31;15;1;25;2;57;1;1;1;1;1;1;;6;4;;;1;1;1;2;1;;;1;1;;6;;;;;;;2;2;;1;;1;;;;;3;;12;;;3;2;;;1;1;;;;1;1;1;;;;2;1;;;;;;;;1;;;1;1;1;2;3;;1;;;;;;;;;;1;1;;;1;2;1;3;2;10;5;1;;;;2;2;4;3;;1;;;;;;10;;4;2;1;1;1;3;1;;3;;;;
21367-6398;2;23;3;;;1;56;;;1;17;15;2;4;4;35;19;1;29;2;5;2;1;1;1;1;1;;8;2;;;1;1;1;3;;;;;;;14;;4;;1;1;1;1;9;;8;3;2;1;1;;1;7;;14;;;7;4;1;;;;;;;;8;1;4;;;4;2;2;1;2;;;;;;;;;;;;12;4;3;1;1;;;;;;;;1;1;1;1;;2;3;2;2;19;12;9;6;5;3;2;5;3;2;3;1;1;;1;;1;16;1;9;4;1;1;1;1;1;1;;1;;;
33035-4605;2;42;1;5;37;22;131;4;7;2;71;86;4;3;2;31;33;;70;3;14;1;1;1;1;1;;10;7;1;4;1;10;1;1;1;5;17;8;5;5;2;14;3;1;;1;1;12;14;44;1;30;1;12;4;3;5;;16;6;26;5;3;7;2;1;;3;3;7;;;3;11;3;2;1;1;29;5;12;3;8;3;2;2;1;2;10;7;4;3;2;8;60;6;27;10;7;3;2;3;2;2;10;8;9;2;3;;;;2;;;7;3;1;1;1;;4;;2;13;1;;11;4;11;6;4;18;2;4;3;1;;2;3;1;4;3;1;;;
32790-6388;1;11;;;;4;23;;2;;8;17;;;;;7;;22;1;1;;1;;;;;1;1;;1;;1;1;1;;;;;;;;5;;;;;;3;1;4;;1;;1;1;1;;;3;;4;1;;1;1;;;;;;;;;;;;;;5;;3;;1;1;;;1;3;1;1;3;1;1;;7;;5;3;1;1;;;;;1;;2;;;;;;;;;;;;;;;;2;;;1;;1;;1;1;1;7;;3;3;1;1;;1;;;;;;;
22212-4604;2;25;23;;;;45;1;;;7;26;;4;2;17;15;7;27;2;4;;1;2;2;2;2;8;1;;6;2;4;1;1;10;;;;;;;1;1;;;20;8;;6;12;;1;;;;;2;;2;;5;;;4;1;;;1;1;;;;1;;;;;;4;;2;;1;;;;1;2;1;1;2;1;4;1;7;;3;1;1;;;;;1;2;1;5;3;;;1;;;1;;9;7;5;4;2;2;2;1;4;;3;6;5;2;4;1;1;16;1;8;6;1;1;2;;;1;3;;;;
24091-6398;1;16;2;1;;5;54;2;1;2;36;34;3;2;1;46;19;2;18;1;7;2;1;;;;;3;;;7;6;;1;1;1;1;;;1;1;;7;1;;4;1;;2;4;17;;12;;8;5;3;1;2;13;7;8;1;1;1;1;;;2;2;1;;;1;5;1;1;;;19;3;12;2;9;3;1;;2;1;5;4;2;3;;3;28;1;16;9;6;2;1;1;1;1;1;1;1;;1;1;;1;1;1;1;20;12;8;3;2;1;;;2;11;1;2;1;;4;3;1;4;;1;1;1;1;;1;2;3;;2;1;1;
15494-5714;2;25;;;38;4;48;1;1;2;14;25;1;2;2;39;8;;57;2;15;4;1;1;1;;;3;2;;2;;2;;;;;14;7;;;1;6;1;;1;;;;1;5;1;;;;;;1;;;;16;1;1;2;2;3;3;1;;1;;;1;1;;;;;;;;;;;;;;;4;1;3;;1;5;8;1;;;;;;1;1;;2;1;2;5;;;1;1;1;2;1;21;12;9;3;2;1;1;2;1;3;1;;4;1;4;3;1;10;;6;2;1;1;1;1;2;5;7;4;3;3;
36634-7098;;20;;4;6;10;111;2;8;1;93;90;;2;1;17;15;;60;;11;4;;;;;;6;2;;4;3;2;;;;4;3;1;4;4;2;6;3;;;;;4;5;57;;43;2;21;10;6;4;;6;1;16;1;;2;;1;;1;1;8;2;1;3;13;5;1;1;1;42;7;20;3;10;8;7;3;2;6;5;3;11;1;2;3;69;3;33;16;8;6;5;3;3;1;6;4;7;3;;;;1;2;;;5;2;2;2;2;2;;1;2;4;4;;2;4;7;3;2;12;2;2;;;;;;1;2;1;3;2;2;
31592-6388;3;8;;;8;3;27;;;;1;4;;3;3;22;6;;17;3;;;2;2;2;1;1;3;2;;;;;1;1;;;2;1;;;1;4;;;;;;2;3;3;2;;;;;;;;2;;11;;;2;1;;;;;;;;;1;1;;;;;;;;;;;;;;1;1;;;;2;1;1;;;;;;;;;;;1;;;;;2;;3;2;11;7;5;2;;;1;;3;1;;;1;;;;;3;;1;1;1;1;2;;;;;;;;
31106-4130;1;7;1;;10;3;36;2;1;;9;11;;1;1;11;8;;46;1;16;1;1;1;;;;2;1;;1;;2;1;1;;;;;;;2;2;;;1;;;2;1;3;;2;;2;1;;;;;;16;;;6;1;;;2;;1;;;;;;;;;3;;1;;;;;;;;;;;2;;;6;;3;1;;;;;;2;;;2;1;;;;1;;1;1;5;4;3;2;1;1;;;1;1;3;;2;;2;2;1;11;1;3;2;1;1;;1;;1;5;1;1;1;
28026-7118;;15;1;;15;4;93;1;3;;31;35;1;4;2;5;12;;66;;4;1;;;;;;2;;;7;4;1;;;1;;1;;;;3;5;;;2;;;1;2;13;;11;;6;4;2;;;4;1;25;;;10;4;;;1;;3;;2;3;1;;;2;2;18;1;9;;4;3;1;;;;1;1;4;;;;20;;9;6;3;2;;1;1;;;;5;1;1;;1;1;;2;1;2;1;;;;;2;1;4;2;;;3;2;2;;2;22;2;9;5;;;;;;;;1;;;
18027-4130;4;20;2;6;12;5;47;4;1;;12;24;2;3;2;11;11;1;31;4;1;;3;2;2;2;2;3;4;1;1;;1;2;1;1;5;1;;4;3;1;8;1;2;1;;;;1;11;1;1;1;;;;1;1;1;;14;2;1;3;;;;4;;1;;;;4;1;2;;;4;1;1;1;;;;;1;1;1;;2;;;7;11;3;3;1;;;;;;;4;4;4;1;2;1;1;1;;1;1;6;5;5;3;3;3;1;2;3;3;;1;3;1;5;4;1;6;2;1;;2;2;2;1;;;1;;;;
22906-7098;1;21;;;;1;58;2;5;;18;23;;3;2;14;11;;42;3;4;;;1;1;1;1;;1;1;2;2;5;;;;;;;;;;6;;;1;;;;3;8;;5;1;1;;;1;;3;1;18;2;;4;2;;;1;;5;1;;2;3;;;1;1;3;;1;;1;;;;;;1;;;3;;1;11;1;3;1;1;;;1;;2;4;2;6;1;;;2;;2;1;;4;1;1;;;;2;2;3;3;;;7;1;7;1;2;12;2;5;4;;;1;1;;1;;;;;
31752-4130;2;14;2;;8;9;51;2;;;13;15;;2;2;9;10;;37;3;2;3;2;;;1;;1;2;;1;1;3;1;1;2;;2;;;;2;2;;;;1;1;4;1;7;;2;;1;;;;;3;1;7;;;1;;2;1;2;1;;;;2;;;;;;4;;1;;;;;;;;;;;;;1;7;;3;1;;;;;;;;;;;;;2;;1;;;2;;;;;;2;1;;1;;;3;;2;1;;6;1;;;2;2;;;;;;1;2;;
31187-4605;1;4;;;1;5;27;1;2;;10;8;;1;1;8;4;;6;1;;;1;;;;;;4;;;;;1;1;;;;;;;;3;;2;;;;2;;4;2;2;1;;;;;;1;1;4;;1;1;;;;1;1;2;;;;3;;1;;;1;;1;;;;;;;;;;;;;2;6;3;1;1;;;;;;;;;;;;;1;;1;1;;3;1;;;;;1;;1;1;;;;;1;1;;1;;;;1;1;;;;;;;;;
36491-7098;1;26;1;4;;7;67;1;7;;70;53;;;;;8;1;45;2;8;;;1;1;;;5;;;4;4;6;;;;2;;;4;1;;3;1;;;;;1;1;27;;21;;2;1;1;1;;3;;10;;1;1;;;;1;1;7;;;2;1;1;;1;1;19;1;9;;7;3;3;3;;2;1;;4;2;1;;44;;13;7;5;2;2;1;;1;2;2;2;1;;;;;;;;;;;;;;;3;;;3;1;1;2;4;4;1;8;1;1;;;;1;2;;1;2;;;;
36075-7098;;16;;1;5;3;19;1;4;;32;27;;3;1;7;8;;35;;4;;;;;;;4;;;4;3;4;;;;1;3;3;1;1;2;3;1;;;;;1;;3;;3;;2;2;1;;;2;;4;1;;1;;;;1;1;4;;2;6;1;;1;2;2;20;;11;;7;5;3;2;1;3;2;;5;2;2;;22;;14;9;5;4;3;;;1;1;1;3;;;;;1;;;;;;;;;;;;3;1;1;;3;1;3;3;;7;2;1;;;;;;;3;1;;;;
27794-6398;1;26;33;1;;1;69;1;;;30;38;;1;1;12;10;10;21;1;15;1;1;;;;;2;4;;4;3;6;1;1;10;1;;;1;1;;3;1;;1;28;6;;3;18;;11;;2;1;;;;1;;5;;;4;4;;;;;;;;3;;;;;;13;;6;;2;;;;;;3;2;;12;2;;23;;9;4;2;;;2;2;5;;;3;1;;;;1;;1;1;7;4;4;4;2;2;;1;1;;3;3;1;1;1;;1;10;;7;4;1;1;;;;7;2;1;1;1;
13511-6389;2;13;;;4;3;82;4;9;2;45;45;1;3;3;27;11;;42;3;21;;1;1;1;1;1;2;1;;1;1;2;1;1;;;;;;;2;8;2;1;;;;2;1;27;1;16;3;2;;;2;;2;;20;;2;3;1;;;4;2;7;;2;1;6;2;;4;4;9;1;2;;;;;;1;1;3;2;2;14;;2;34;3;7;;;;;;;10;2;2;1;3;;;2;1;1;2;1;11;6;4;2;2;1;3;1;2;2;;;;1;2;1;;6;;1;1;1;1;1;7;2;1;5;;;;
27934-7098;1;10;;;;;51;1;6;;27;29;4;2;1;2;5;;27;1;5;1;;1;1;1;1;1;4;;2;1;1;;;;;;;;;;7;;2;2;;;;2;14;;6;;1;;;2;1;3;;13;;;5;2;;;1;;6;1;;;6;2;1;3;3;5;;4;;1;1;;;;;4;3;;2;;2;16;1;4;3;;;;1;1;1;2;2;1;;4;3;1;;;1;;2;2;1;;;;1;;1;;2;;;1;3;1;;8;1;4;;;;1;4;;;;;1;;
36342-6398;;10;;1;;2;66;3;12;;47;45;;1;1;18;9;;20;;1;;;;;;;;4;1;;;;;;;1;;;1;1;;9;;3;;;;1;5;28;5;25;7;1;;;1;;4;2;11;;1;3;1;;;3;;12;4;;;13;2;2;2;2;1;;;;;;;;;;9;8;1;;;9;37;9;1;;;;;9;8;;1;1;;;;;1;;;1;;10;7;5;1;;;1;5;;2;;;;2;1;1;1;5;;1;;;;;;;;;;;;
31113-6388;1;13;;1;;1;36;;2;;4;12;;3;3;18;7;;28;1;;1;1;;;;;1;8;3;;;;1;1;;1;;;1;1;;10;1;3;;;;1;7;7;2;2;1;;;;1;;3;1;18;2;1;8;1;1;;;;;;;;4;;4;;;1;1;;;;;;;;;2;2;;;;3;4;3;1;;;;;2;2;;1;;1;;;;2;1;2;1;1;9;3;2;1;1;;2;1;3;2;;;3;2;3;1;;12;1;2;1;1;1;;;;;;;;;
31105-4604;2;11;9;1;1;3;45;;;1;5;7;3;1;1;2;11;3;23;2;5;4;1;2;2;2;2;;4;1;;;;;;3;;;;1;;1;3;;3;;5;2;3;1;2;;1;;;;;;;7;1;10;1;;2;;1;1;;;;;;;;;;;;;;;;;;;;;;4;4;;;;3;5;;;;;;;3;3;;;;;;3;3;;;;;;2;1;1;;;;1;5;1;1;;3;1;;;;1;4;;;;;;2;;1;;2;3;2;2;
35715-5714;1;12;;2;;3;68;;3;;9;10;;3;2;41;11;1;15;1;1;;;1;1;1;1;2;1;;1;1;1;;;;2;;;2;2;;6;1;1;;;;2;10;4;2;1;;;;;;;6;3;4;;;;;;;;;3;;2;;2;1;;;;4;1;;;;;;;;;;;;1;;4;4;1;1;;;;;;;;;;;;;;1;1;2;1;1;13;9;7;6;3;2;1;2;1;4;;1;;;;;;;;;;1;;1;;;;;;;;
33396-6388;;9;;6;21;10;54;;7;;20;28;1;2;1;2;7;;26;;18;;;;;;;2;2;1;1;1;;;;;4;11;3;5;3;2;6;2;;;;;6;2;14;;9;1;3;2;;;;3;;10;1;;3;2;;;;;5;3;1;;6;1;2;3;3;7;2;5;2;3;2;;;1;;2;1;;5;1;;18;2;7;3;1;1;;;;3;;;2;2;1;1;1;;;1;;2;1;1;1;1;1;1;4;1;;;;1;1;;;1;5;;2;2;;;;6;;3;5;;;;
36456-6388;3;26;1;;6;6;69;;4;;29;47;1;5;2;12;18;;50;3;6;;;3;3;2;2;2;3;;3;3;5;;;;;1;;;;2;9;;;2;;;1;;23;;11;;7;2;2;2;;9;2;6;;1;1;;;;;;3;1;;3;3;;1;;;19;2;10;1;6;2;;;;6;3;2;6;2;;2;26;;18;9;6;2;;1;1;;4;4;3;1;;;;1;4;;;5;2;1;1;1;1;2;;5;6;3;;3;1;5;3;2;17;;4;;;;3;;;;2;;;;
30795-4130;;7;;;24;5;23;1;;;3;5;1;1;1;3;5;1;10;;;;;;;;;;;;;;1;;;;;1;;;;;2;;;;;;3;1;3;;1;;;;;;;1;1;6;;;1;1;;;1;1;;;;;;;;;;1;;;;;;;;;;;;;;;;2;;;;;;;;;;;;1;;;;1;;;;;2;1;;;;;1;1;;1;;;;1;1;;;2;;2;1;;;;;;;;;;;
31354-5714;4;8;1;;;;16;;1;1;2;4;;;;;3;;14;3;11;;3;2;1;2;2;;1;;;;;1;;;;;;;;;4;;;;;;;1;1;;1;;;;;;;1;;6;;;2;;;;;;1;1;;;2;;1;;;;;;;;;;;;;;;;;;;1;;;;;;;;;;1;;;2;;;;;;;;;;;;;;;;;;1;;1;;;;2;5;;3;1;2;2;2;;;;6;;;;
36278-7274;1;15;;;;;61;1;12;;49;35;;3;2;16;20;;46;3;8;;;1;1;1;1;2;1;1;4;2;1;;;;;;;;;;4;1;;1;;;;1;13;;10;;;;;1;;6;;20;1;;8;4;;;1;;11;1;3;1;4;2;1;;;12;1;3;;1;;;;;;;;2;3;;;22;1;3;;;;;;;1;4;4;3;5;;;1;1;1;2;1;6;1;;;;;1;7;2;2;1;;3;3;2;;5;15;1;7;4;;;1;;;7;;;;;
31364-4605;2;16;;;15;6;64;3;5;6;36;51;1;2;1;2;17;1;43;2;19;7;1;1;1;1;1;2;3;1;;;1;2;2;;;3;1;;;1;8;;2;;;;4;2;25;4;18;;1;1;1;;;9;;21;1;1;3;1;6;;3;1;5;1;;;2;1;1;;;3;;1;;1;;;;;;16;11;2;7;;14;30;1;3;1;1;;;11;8;6;1;1;2;1;1;1;;;;1;;;;;;;;;9;1;2;1;1;4;1;2;1;3;7;;2;;2;;1;2;5;2;3;7;1;1;
35973-6398;;16;;3;;3;69;2;1;;17;23;;2;1;2;6;1;18;;5;;;;;;;4;;;2;;5;;;;2;;;3;2;;7;2;;1;;;1;3;13;;8;;3;2;2;1;;2;;7;;;3;1;;;2;1;1;;;1;3;1;1;;;5;2;4;2;3;2;2;2;;;1;;1;;;1;14;;4;3;2;2;2;1;;;3;3;2;2;;;;1;;1;1;2;2;2;2;2;2;;;2;1;4;1;5;1;3;1;3;10;3;8;5;;;;;;;;;;;
36264-6388;;17;;1;8;8;59;1;7;;32;45;;5;5;16;18;;36;;13;;;;;;;5;2;;4;3;;;;;1;1;;1;1;;6;3;1;1;;;4;2;21;1;12;;5;4;2;1;;6;;14;2;3;3;1;;;1;;6;1;2;2;3;;1;;;14;2;8;;3;2;1;1;2;1;2;;3;6;2;2;26;;12;8;3;2;1;;;1;2;2;3;4;;;3;1;;4;1;8;3;2;1;;;4;5;5;1;1;;3;2;4;;4;12;;4;1;;;;1;;2;6;;;;
31748-4604;3;17;1;1;12;5;54;1;1;2;14;13;1;2;2;9;7;;63;3;9;2;3;1;;1;;1;;;;;2;3;3;1;;;;1;;2;4;1;;;1;1;2;1;4;;3;1;1;;;;;1;;19;;;7;1;1;1;1;;1;;;2;2;;;;;2;1;;;;;;;1;;3;;;1;;1;8;1;2;;;;;;;;;;;;;;;1;;1;1;3;1;;;;;1;2;1;;2;;2;1;1;1;1;19;1;6;2;3;3;1;;1;;;1;1;1;
31084-4605;1;15;1;4;;4;41;2;1;;17;18;3;2;1;6;7;2;15;1;1;1;;1;1;1;1;1;4;1;1;1;;;;;4;;;4;4;;7;;1;1;1;;3;2;10;;7;2;2;1;;;;3;;6;;;;;;;2;1;1;1;;1;6;1;;;;5;2;2;1;;;;;;;;;1;;;;12;2;4;1;;;;;;;;;1;1;2;2;1;;1;;;2;2;2;1;1;1;1;3;2;;;1;2;;;;;2;;;;;;1;;;1;1;;1;;
27503-4130;;16;2;1;1;4;53;3;22;1;88;40;2;2;1;8;13;;42;1;5;1;;;;;;1;;;4;4;3;;;2;;1;;1;;1;5;1;;2;1;1;1;;12;;11;;;;;;;5;;15;2;;2;;1;;3;2;21;1;4;;11;2;2;2;2;17;4;4;2;3;1;;;1;2;4;4;3;2;;;37;;9;4;3;1;;;;;1;1;;1;;;;1;1;1;1;3;1;1;;;;;3;2;;2;;5;1;;;2;4;;1;1;;;;;1;2;;1;;;
28178-6398;1;12;17;;;;39;1;;;7;14;;3;2;3;5;3;11;1;4;3;;1;1;1;1;3;2;;1;1;1;;;3;;;;;;;3;;1;1;15;3;;2;5;;2;1;;;;;;1;;1;;;;;1;;1;1;;;;1;2;1;;;;4;1;2;1;1;;;;1;;1;1;;;;;7;1;4;2;1;;;1;1;;;;1;;;;1;1;;2;1;1;1;1;1;1;1;1;2;2;2;;3;;;2;;1;1;;1;1;;;1;;;;;3;2;2;
35759-6388;2;9;;;;;12;1;1;;2;5;;;;;1;;18;3;1;;1;2;2;2;1;;;;1;;;;;;;;;;;;4;;;1;;;;2;;;;;;;;;;;;3;;;;;;;1;;;;;;;;;;;;;;;;;;;;;;;;;;;;;;;;;;;;;;;;1;;;;;;;;;;;;;;;;;;1;;;;;;;2;;1;1;;;2;;;1;;;;;
36483-7274;1;10;;;;;65;2;10;;30;36;;1;1;4;9;;7;2;11;6;1;;;;;3;1;;1;1;;1;1;;;;;;;;6;3;;;;;;5;27;2;17;2;11;5;2;1;;5;;3;;1;;;4;4;2;;10;3;2;;10;1;;7;7;19;4;8;1;3;;;;2;;3;2;1;4;2;3;24;3;16;7;3;;;1;1;1;4;2;;;;;;1;;1;1;1;1;1;1;1;1;;2;;1;;;;;3;1;;2;1;1;1;1;1;;;;2;2;6;5;5;
